date,open,high,low,close
2023-05-03 00:00:00,0.030939153419226,1.79446290851454,0.030429959559721,1.40441971784752
2023-05-04 00:00:00,1.40441971784752,1.5062477186744498,1.30984164993911,1.33964991376277
2023-05-05 00:00:00,1.33964991376277,1.38792510687678,1.26866053532093,1.31124441459956
2023-05-06 00:00:00,1.31124441459956,1.38418277753967,1.2845756525013,1.33989797801727
2023-05-07 00:00:00,1.33989797801727,1.35713516327911,1.24617014307676,1.24800543885995
2023-05-08 00:00:00,1.24800543885995,1.25464502417954,1.04540540189739,1.14539369440297
2023-05-09 00:00:00,1.14539369440297,1.21892005327481,1.10234402443878,1.18968115027515
2023-05-10 00:00:00,1.18968115027515,1.24329792692924,1.12622791631982,1.18650195221923
2023-05-11 00:00:00,1.18650195221923,1.18650195221923,1.04774654739807,1.07882122256587
2023-05-12 00:00:00,1.07882122256587,1.12547229540481,1.01827930141748,1.11812495848166
2023-05-13 00:00:00,1.11812495848166,1.14343296672549,1.0909154295894,1.10352031998385
2023-05-14 00:00:00,1.10352031998385,1.20694094281395,1.07413595293695,1.16393880473002
2023-05-15 00:00:00,1.16393880473002,1.25657959675057,1.13394729218052,1.19808123670055
2023-05-16 00:00:00,1.19808123670055,1.20949188526957,1.14906119124038,1.16577333533123
2023-05-17 00:00:00,1.16577333533123,1.21708823646959,1.12278857075777,1.21367501395314
2023-05-18 00:00:00,1.21367501395314,1.22397503752178,1.13677814499462,1.14818486021711
2023-05-19 00:00:00,1.14818486021711,1.15772421595622,1.12811507924961,1.138412723844
2023-05-20 00:00:00,1.138412723844,1.13924187453305,1.11963206311678,1.13019124110728
2023-05-21 00:00:00,1.13019124110728,1.15729896564491,1.0677072165692,1.07928009637679
2023-05-22 00:00:00,1.07928009637679,1.08721410967347,1.04603735672091,1.05831855963268
2023-05-23 00:00:00,1.05831855963268,1.0982565712008,1.03731724587363,1.05855258363835
2023-05-24 00:00:00,1.05855258363835,1.05855258363835,0.959628388446952,0.98616144105702
2023-05-25 00:00:00,0.98616144105702,1.01187770912354,0.948710951570526,0.986794066310176
2023-05-26 00:00:00,0.986794066310176,1.01217392458296,0.969733563224986,0.995666392544208
2023-05-27 00:00:00,0.995666392544208,1.02030825335293,0.988346983461902,1.0019209392908
2023-05-28 00:00:00,1.0019209392908,1.07167739495303,0.99658977052339,1.06433560552139
2023-05-29 00:00:00,1.06433560552139,1.10127946513547,1.02682704428162,1.04232909769115
2023-05-30 00:00:00,1.04232909769115,1.06486987369846,1.00333662098692,1.00512580380733
2023-05-31 00:00:00,1.00512580380733,1.01227576173152,0.954728123219967,0.9780354926671192
2023-06-01 00:00:00,0.9780354926671192,0.987231230637404,0.9505685484859612,0.953297643925133
2023-06-02 00:00:00,0.953297643925133,0.966738756073069,0.91594876005801,0.949732168812731
2023-06-03 00:00:00,0.949732168812731,0.959117084769662,0.9206126425469292,0.938548262240609
2023-06-04 00:00:00,0.938548262240609,0.978983097770782,0.9325086664561912,0.9638478697390452
2023-06-05 00:00:00,0.9638478697390452,0.9735923924586752,0.7583226669730361,0.8256562794662171
2023-06-06 00:00:00,0.8256562794662171,1.20261974100522,0.766496918877502,0.837632898643162
2023-06-07 00:00:00,0.837632898643162,0.8379229351241271,0.7549304957831541,0.7708784208236711
2023-06-08 00:00:00,0.7708784208236711,0.8018974151018331,0.7290886653655231,0.7389560882450811
2023-06-09 00:00:00,0.7389560882450811,0.766749582495697,0.722192184167575,0.7461669439831581
2023-06-10 00:00:00,0.7461669439831581,0.7491395702776961,0.528545216991972,0.6172216819887341
2023-06-11 00:00:00,0.6172216819887341,0.628029672835689,0.595573209900456,0.610935058301284
2023-06-12 00:00:00,0.610935058301284,0.690504904365659,0.581563722865001,0.670658744617315
2023-06-13 00:00:00,0.670658744617315,0.7380659912932681,0.670658744617315,0.7089991821692181
2023-06-14 00:00:00,0.7089991821692181,0.720818788511421,0.641791601929517,0.6600794731999411
2023-06-15 00:00:00,0.6600794731999411,0.66750351223763,0.628935333571073,0.6582939329584571
2023-06-16 00:00:00,0.6582939329584571,0.72777231201374,0.6350537007260311,0.7164120171560591
2023-06-17 00:00:00,0.7164120171560591,0.7831892997806951,0.713927047202775,0.7634131254414761
2023-06-18 00:00:00,0.7634131254414761,0.801818342234301,0.723057568148312,0.7270059799373141
2023-06-19 00:00:00,0.7270059799373141,0.7980182465724661,0.716410739478446,0.79060734513693
2023-06-20 00:00:00,0.79060734513693,0.8301416862697061,0.756905005615915,0.822752380282016
2023-06-21 00:00:00,0.822752380282016,0.850645051137481,0.7774324824092881,0.834031824512069
2023-06-22 00:00:00,0.834031824512069,0.8850067871114831,0.80239940715846,0.8054110516483951
2023-06-23 00:00:00,0.8054110516483951,0.834216271542171,0.7828260471928851,0.8023420964357091
2023-06-24 00:00:00,0.8023420964357091,0.8023420964357091,0.7431279238384431,0.7586633975178281
2023-06-25 00:00:00,0.7586633975178281,0.78582531727535,0.743133539979969,0.7489509492929171
2023-06-26 00:00:00,0.7489509492929171,0.761535687714983,0.71786422037101,0.7312553477456131
2023-06-27 00:00:00,0.7312553477456131,0.761112466683562,0.709911438965523,0.724778462888645
2023-06-28 00:00:00,0.724778462888645,0.724778462888645,0.653724250088012,0.6671783855390421
2023-06-29 00:00:00,0.6671783855390421,0.7138266924130211,0.659707618610689,0.6823055565860511
2023-06-30 00:00:00,0.6823055565860511,0.71219195989998,0.64143573079265,0.690796441296538
2023-07-01 00:00:00,0.690796441296538,0.6924431729699551,0.6654336567336571,0.691586947580326
2023-07-02 00:00:00,0.691586947580326,0.6957336516576531,0.6605804283184781,0.6921672297779641
2023-07-03 00:00:00,0.6921672297779641,0.718847418513685,0.686330791542715,0.702590193278253
2023-07-04 00:00:00,0.702590193278253,0.742442308445009,0.6833303111353031,0.691056512209518
2023-07-05 00:00:00,0.691056512209518,0.695322224603795,0.649850446285272,0.6664927185588461
2023-07-06 00:00:00,0.6664927185588461,0.6822593376847871,0.639442592767767,0.653787586051437
2023-07-07 00:00:00,0.653787586051437,0.670029448392747,0.6350101116805641,0.665431094895501
2023-07-08 00:00:00,0.665431094895501,0.672415459114299,0.648222013013737,0.6578296468868751
2023-07-09 00:00:00,0.6578296468868751,0.670090423989917,0.6368533076078411,0.660202336371925
2023-07-10 00:00:00,0.660202336371925,0.668314679979464,0.615128546195128,0.657792053576258
2023-07-11 00:00:00,0.657792053576258,0.6724029312331851,0.647751041460202,0.6589595583000011
2023-07-12 00:00:00,0.6589595583000011,0.692514300330165,0.653378255975075,0.6629632654898431
2023-07-13 00:00:00,0.6629632654898431,0.7141710449778851,0.656957763841096,0.69909327275117
2023-07-14 00:00:00,0.69909327275117,0.7616334989237551,0.663193253427051,0.6835979624270551
2023-07-15 00:00:00,0.6835979624270551,0.699835958328892,0.6698998872076231,0.6854115865232341
2023-07-16 00:00:00,0.6854115865232341,0.6956907313657681,0.671454424184273,0.6756293807111271
2023-07-17 00:00:00,0.6756293807111271,0.732982622046056,0.669570728721665,0.722988298315657
2023-07-18 00:00:00,0.722988298315657,0.7871233758673171,0.712220357031057,0.740756328409322
2023-07-19 00:00:00,0.740756328409322,0.7774885326567691,0.708830518148806,0.7136251566886781
2023-07-20 00:00:00,0.7136251566886781,0.727662838457891,0.676918303404721,0.690379782147013
2023-07-21 00:00:00,0.690379782147013,0.69602894895104,0.674630209150019,0.6850393952053511
2023-07-22 00:00:00,0.6850393952053511,0.705886733209748,0.68474742234072,0.6949342792830061
2023-07-23 00:00:00,0.6949342792830061,0.7038286524321941,0.6756457282865741,0.6806817573680051
2023-07-24 00:00:00,0.6806817573680051,0.68229017696813,0.6176443478308881,0.640009329883589
2023-07-25 00:00:00,0.640009329883589,0.6565138377723421,0.631923517247146,0.6414778177275811
2023-07-26 00:00:00,0.6414778177275811,0.6450848317456781,0.620014020348953,0.63757531554488
2023-07-27 00:00:00,0.63757531554488,0.651111654687983,0.6268109116663141,0.632528009113487
2023-07-28 00:00:00,0.632528009113487,0.6456335566567121,0.628555586075429,0.633990499448644
2023-07-29 00:00:00,0.633990499448644,0.6436851231533091,0.630765588516488,0.64154257287151
2023-07-30 00:00:00,0.64154257287151,0.6430674261719851,0.614317402547042,0.626117401124291
2023-07-31 00:00:00,0.626117401124291,0.6363092759257191,0.6175244557915891,0.6338044318970071
2023-08-01 00:00:00,0.6338044318970071,0.647831296682292,0.6151242650520661,0.6475651026994721
2023-08-02 00:00:00,0.6475651026994721,0.649613841778242,0.615065192696152,0.618823568609957
2023-08-03 00:00:00,0.618823568609957,0.623426078460942,0.590822722144074,0.5960036700818621
2023-08-04 00:00:00,0.5960036700818621,0.604958872149411,0.590213731826286,0.598277173684517
2023-08-05 00:00:00,0.598277173684517,0.599651775347892,0.5871794140306591,0.5986228009562851
2023-08-06 00:00:00,0.5986228009562851,0.613570860267552,0.5947848716800931,0.5956313733383061
2023-08-07 00:00:00,0.5956313733383061,0.6015142126375931,0.5657079292750881,0.58410513073952
2023-08-08 00:00:00,0.58410513073952,0.602458138306693,0.576318934003747,0.5949334526666591
2023-08-09 00:00:00,0.5949334526666591,0.6244793244175441,0.5909811012649,0.596325987150441
2023-08-10 00:00:00,0.596325987150441,0.605721664746384,0.5885021077115481,0.605541118114836
2023-08-11 00:00:00,0.605541118114836,0.6170992652728421,0.596600481280616,0.604709292916602
2023-08-12 00:00:00,0.604709292916602,0.614188071289943,0.602462719253664,0.60801009565235
2023-08-13 00:00:00,0.60801009565235,0.61414681934698,0.594810859391398,0.598055835616086
2023-08-14 00:00:00,0.598055835616086,0.6031994430356441,0.587474267760834,0.598847436744527
2023-08-15 00:00:00,0.598847436744527,0.6019244500474751,0.5382226817701591,0.5618619525827
2023-08-16 00:00:00,0.5618619525827,0.579126069856973,0.5154543263957571,0.5288305423901131
2023-08-17 00:00:00,0.5288305423901131,0.537539894215398,0.462640260246689,0.477941803355625
2023-08-18 00:00:00,0.477941803355625,0.490877230883838,0.469572186093505,0.485441261257939
2023-08-19 00:00:00,0.485441261257939,0.567207676961182,0.484724718363467,0.563508188289446
2023-08-20 00:00:00,0.563508188289446,0.578946694695039,0.5419560206127131,0.5473859891997981
2023-08-21 00:00:00,0.5473859891997981,0.550826759288336,0.5110901028864321,0.51729687520922
2023-08-22 00:00:00,0.51729687520922,0.5592420420694331,0.506499196539788,0.537819212524566
2023-08-23 00:00:00,0.537819212524566,0.625264851697735,0.537819212524566,0.605492063920198
2023-08-24 00:00:00,0.605492063920198,0.6224099635887741,0.561992819063013,0.577039981054649
2023-08-25 00:00:00,0.577039981054649,0.577039981054649,0.5381981348834011,0.5608618661421441
2023-08-26 00:00:00,0.5608618661421441,0.6078827473941131,0.551401396177407,0.59379059315601
2023-08-27 00:00:00,0.59379059315601,0.600164451203971,0.5792136914259091,0.585898653209176
2023-08-28 00:00:00,0.585898653209176,0.585898653209176,0.540927626398371,0.551241522793781
2023-08-29 00:00:00,0.551241522793781,0.554649485038343,0.5138139992152231,0.5490634147218351
2023-08-30 00:00:00,0.5490634147218351,0.5491422408859971,0.520441870049696,0.5285049449429841
2023-08-31 00:00:00,0.5285049449429841,0.5285049449429841,0.491421231034226,0.503687518174144
2023-09-01 00:00:00,0.503687518174144,0.5192989604058911,0.486126743662218,0.496282493817441
2023-09-02 00:00:00,0.496282493817441,0.506521077099889,0.486416289527167,0.49448395811214
2023-09-03 00:00:00,0.49448395811214,0.506429181248209,0.477160950726872,0.487253629781984
2023-09-04 00:00:00,0.487253629781984,0.497117797857648,0.476436288046999,0.485209330372699
2023-09-05 00:00:00,0.485209330372699,0.494519575586386,0.470894413191179,0.492595836613527
2023-09-06 00:00:00,0.492595836613527,0.498533878933841,0.475628798215714,0.483028598432215
2023-09-07 00:00:00,0.483028598432215,0.488633193165315,0.477319341117432,0.487100052243283
2023-09-08 00:00:00,0.487100052243283,0.493501900114401,0.476957509558606,0.482974490767762
2023-09-09 00:00:00,0.482974490767762,0.486728426400594,0.479240272806511,0.482448096214096
2023-09-10 00:00:00,0.482448096214096,0.485088438177225,0.448475574599226,0.45734993892423
2023-09-11 00:00:00,0.45734993892423,0.458412816121308,0.422284495508645,0.429500582029257
2023-09-12 00:00:00,0.429500582029257,0.458716632763801,0.424584299907975,0.430317046444242
2023-09-13 00:00:00,0.430317046444242,0.446171059636629,0.421324463288645,0.444359964184812
2023-09-14 00:00:00,0.444359964184812,0.45311361755937,0.438340263062886,0.4466988569456
2023-09-15 00:00:00,0.4466988569456,0.449531661318276,0.434406091264194,0.447953851077375
2023-09-16 00:00:00,0.447953851077375,0.470452512454102,0.447423362802715,0.46898016432307
2023-09-17 00:00:00,0.46898016432307,0.46898016432307,0.431386761293188,0.436598662472271
2023-09-18 00:00:00,0.436598662472271,0.454318437462136,0.429557973125781,0.449332234752938
2023-09-19 00:00:00,0.449332234752938,0.460342130419651,0.447821617307266,0.454604919089108
2023-09-20 00:00:00,0.454604919089108,0.455403020437284,0.438842754203815,0.447434058909741
2023-09-21 00:00:00,0.447434058909741,0.458418386755724,0.435327890389781,0.441419037970221
2023-09-22 00:00:00,0.441419037970221,0.446793409476123,0.436406219216275,0.446265232897952
2023-09-23 00:00:00,0.446265232897952,0.451708923838971,0.441148372222531,0.447250736402445
2023-09-24 00:00:00,0.447250736402445,0.466843515602301,0.438656290835947,0.440877595333684
2023-09-25 00:00:00,0.440877595333684,0.449629619391891,0.435384226082966,0.443405891763282
2023-09-26 00:00:00,0.443405891763282,0.444974517536056,0.436327210821931,0.439736020361166
2023-09-27 00:00:00,0.439736020361166,0.444505769383335,0.42970059273117,0.437541937595224
2023-09-28 00:00:00,0.437541937595224,0.450038029015215,0.435298005670052,0.44767866088687
2023-09-29 00:00:00,0.44767866088687,0.497210333407994,0.444121734998673,0.479226284917967
2023-09-30 00:00:00,0.479226284917967,0.485429928927926,0.463014905765292,0.470436067630692
2023-10-01 00:00:00,0.470436067630692,0.5085539715627211,0.464681624320562,0.50587589657845
2023-10-02 00:00:00,0.50587589657845,0.5064661254470221,0.461347475561637,0.466643594114749
2023-10-03 00:00:00,0.466643594114749,0.469130552110734,0.442523634796393,0.444280700999567
2023-10-04 00:00:00,0.444280700999567,0.447331525733757,0.429704623043809,0.442044537341321
2023-10-05 00:00:00,0.442044537341321,0.449112812155389,0.430007470642195,0.434912440178247
2023-10-06 00:00:00,0.434912440178247,0.447958020966891,0.43408799036615,0.443944018160863
2023-10-07 00:00:00,0.443944018160863,0.459694409280869,0.439887307902386,0.443914359547229
2023-10-08 00:00:00,0.443914359547229,0.445039538659427,0.436408032861034,0.438924030774298
2023-10-09 00:00:00,0.438924030774298,0.439530944972734,0.407703762606461,0.417284270446161
2023-10-10 00:00:00,0.417284270446161,0.420470295461434,0.412652183932559,0.417322231701059
2023-10-11 00:00:00,0.417322231701059,0.418566867333873,0.404566864239593,0.411388942604342
2023-10-12 00:00:00,0.411388942604342,0.413310215999089,0.403174673432328,0.408320965897084
2023-10-13 00:00:00,0.408320965897084,0.424613788258682,0.406634258250112,0.414810778616618
2023-10-14 00:00:00,0.414810778616618,0.420768235053266,0.412992172714858,0.416817304786053
2023-10-15 00:00:00,0.416817304786053,0.417295249179105,0.4072848090485,0.411549744054617
2023-10-16 00:00:00,0.411549744054617,0.427414918405971,0.407757748641855,0.411230277926649
2023-10-17 00:00:00,0.411230277926649,0.41286723730506,0.374936023171912,0.381595398806581
2023-10-18 00:00:00,0.381595398806581,0.391415030958033,0.366276667584221,0.383822469693027
2023-10-19 00:00:00,0.383822469693027,0.383822469693027,0.363984953800759,0.370646104698574
2023-10-20 00:00:00,0.370646104698574,0.388814430260431,0.365511605148276,0.38353684502537
2023-10-21 00:00:00,0.38353684502537,0.400399088221946,0.380259705338642,0.391156556407519
2023-10-22 00:00:00,0.391156556407519,0.418319437144022,0.387924626776971,0.403561589831047
2023-10-23 00:00:00,0.403561589831047,0.420643337167637,0.393700279756233,0.420467962410583
2023-10-24 00:00:00,0.420467962410583,0.458424503306977,0.417706882674823,0.434200063426594
2023-10-25 00:00:00,0.434200063426594,0.449567488089386,0.421934934312145,0.436916756940751
2023-10-26 00:00:00,0.436916756940751,0.461776651608062,0.420590435732499,0.440490970013393
2023-10-27 00:00:00,0.440490970013393,0.454672240725294,0.424572924502289,0.433819468385596
2023-10-28 00:00:00,0.433819468385596,0.479842983806665,0.432378603451178,0.470089116537613
2023-10-29 00:00:00,0.470089116537613,0.471923671286073,0.453271477880892,0.455237544611099
2023-10-30 00:00:00,0.455237544611099,0.473068003505593,0.445980145720615,0.463775990938006
2023-10-31 00:00:00,0.463775990938006,0.475156517663494,0.424564799406148,0.443616182893237
2023-11-01 00:00:00,0.443616182893237,0.472239287536833,0.426523605242349,0.465690274183795
2023-11-02 00:00:00,0.465690274183795,0.481453221215032,0.444198066569691,0.459656702393984
2023-11-03 00:00:00,0.459656702393984,0.46015502804471,0.433575967785368,0.456739738263571
2023-11-04 00:00:00,0.456739738263571,0.520568924816415,0.45276836362348,0.508733882241251
2023-11-05 00:00:00,0.508733882241251,0.524134590702221,0.485303294443872,0.503580994196365
2023-11-06 00:00:00,0.503580994196365,0.537275175262041,0.489711836637823,0.529940054866763
2023-11-07 00:00:00,0.529940054866763,0.529940054866763,0.494826628972478,0.525357219789511
2023-11-08 00:00:00,0.525357219789511,0.600885874245502,0.518951706980879,0.5805801474176211
2023-11-09 00:00:00,0.5805801474176211,0.607043655685914,0.51176195689707,0.565394460211882
2023-11-10 00:00:00,0.565394460211882,0.626461847148022,0.538831894982293,0.611639763383242
2023-11-11 00:00:00,0.611639763383242,0.612963013439202,0.572725140538278,0.5937650420985411
2023-11-12 00:00:00,0.5937650420985411,0.642736991631497,0.561692337443612,0.6194280905384081
2023-11-13 00:00:00,0.6194280905384081,0.6590355396366381,0.604254211289964,0.604254211289964
2023-11-14 00:00:00,0.604254211289964,0.633258781110128,0.5540154384118531,0.5697813091520241
2023-11-15 00:00:00,0.5697813091520241,0.622560099329698,0.5631207366683441,0.620545494816793
2023-11-16 00:00:00,0.620545494816793,0.620545494816793,0.5534524777787151,0.5654640946892441
2023-11-17 00:00:00,0.5654640946892441,0.586246543116391,0.525686175772336,0.5544624632217381
2023-11-18 00:00:00,0.5544624632217381,0.5551254220172951,0.5149036189845521,0.5468468968577861
2023-11-19 00:00:00,0.5468468968577861,0.566534988011657,0.5286904089368321,0.563649916391729
2023-11-20 00:00:00,0.563649916391729,0.578768469360588,0.545507084988138,0.555544990277655
2023-11-21 00:00:00,0.555544990277655,0.582324420730255,0.501769851608278,0.5031657873187341
2023-11-22 00:00:00,0.5031657873187341,0.563738087179357,0.5010465119844421,0.556537850525734
2023-11-23 00:00:00,0.556537850525734,0.594978910604493,0.5523585342902491,0.5885912284051551
2023-11-24 00:00:00,0.5885912284051551,0.641839314731652,0.5818198048042971,0.627514325046969
2023-11-25 00:00:00,0.627514325046969,0.689097499851968,0.622218991064583,0.6557003732592
2023-11-26 00:00:00,0.6557003732592,0.669317881042067,0.6092671462108581,0.635171519274773
2023-11-27 00:00:00,0.635171519274773,0.6473786979181111,0.577387837508156,0.5933601999371451
2023-11-28 00:00:00,0.5933601999371451,0.6298380971292821,0.564270347450425,0.6184571991059831
2023-11-29 00:00:00,0.6184571991059831,0.623302186451759,0.582174807028506,0.602162595669527
2023-11-30 00:00:00,0.602162595669527,0.641994135138168,0.5883308130714351,0.5973142918724941
2023-12-01 00:00:00,0.5973142918724941,0.624734114007791,0.591551871273271,0.611659751496606
2023-12-02 00:00:00,0.611659751496606,0.6314328402834171,0.602863226106996,0.6234664538663011
2023-12-03 00:00:00,0.6234664538663011,0.6276528978750661,0.59776700230761,0.613814856902236
2023-12-04 00:00:00,0.613814856902236,0.6362049544588081,0.560919054848523,0.6279487834189931
2023-12-05 00:00:00,0.6279487834189931,0.657800768168146,0.616936616432956,0.6424911074991221
2023-12-06 00:00:00,0.6424911074991221,0.6584456381743371,0.603470597440651,0.61502697684211
2023-12-07 00:00:00,0.61502697684211,0.6837508080419671,0.605350345379391,0.6699811078262361
2023-12-08 00:00:00,0.6699811078262361,0.71023539180519,0.667602125591343,0.6998567216439731
2023-12-09 00:00:00,0.6998567216439731,0.723528527601027,0.6713914775353861,0.67689739191177
2023-12-10 00:00:00,0.67689739191177,0.7128130133096691,0.666522100341227,0.690751882202565
2023-12-11 00:00:00,0.690751882202565,0.711804846619795,0.608150603453205,0.6284974798553581
2023-12-12 00:00:00,0.6284974798553581,0.6620119947484391,0.61803294087645,0.656852505144162
2023-12-13 00:00:00,0.656852505144162,0.663117419807529,0.603975414940454,0.649152663925698
2023-12-14 00:00:00,0.649152663925698,0.665759189034797,0.630033582878752,0.6521063314466741
2023-12-15 00:00:00,0.6521063314466741,0.65303390008371,0.614685802320807,0.6160310191056431
2023-12-16 00:00:00,0.6160310191056431,0.6474720849022261,0.599658384150602,0.630182278804279
2023-12-17 00:00:00,0.630182278804279,0.63423984736341,0.603610607861075,0.6084384454005131
2023-12-18 00:00:00,0.6084384454005131,0.6169723745552991,0.5641191847057511,0.608770453049969
2023-12-19 00:00:00,0.608770453049969,0.7169167624410391,0.603632673508962,0.67789587342621
2023-12-20 00:00:00,0.67789587342621,0.744598155900414,0.6452742149144951,0.686793882197227
2023-12-21 00:00:00,0.686793882197227,0.715596647685207,0.6712194670418431,0.687938526827306
2023-12-22 00:00:00,0.687938526827306,0.700548093010528,0.6577242135168241,0.6956096105388461
2023-12-23 00:00:00,0.6956096105388461,0.758079784005098,0.6929548596882541,0.7534837660982581
2023-12-24 00:00:00,0.7534837660982581,0.7588640075827461,0.7078569895783161,0.714810531686985
2023-12-25 00:00:00,0.714810531686985,0.8262638328587051,0.7121080455985921,0.81733913839879
2023-12-26 00:00:00,0.81733913839879,0.9087819642879352,0.7963238914618531,0.884585779053737
2023-12-27 00:00:00,0.884585779053737,0.9197117496247312,0.821791186493915,0.8309795987845461
2023-12-28 00:00:00,0.8309795987845461,0.864257673037605,0.778208719527948,0.7970529461577971
2023-12-29 00:00:00,0.7970529461577971,0.8423378537803651,0.7612113253859181,0.806120766072943
2023-12-30 00:00:00,0.806120766072943,0.8213102214933561,0.77012815964818,0.8093220889058451
2023-12-31 00:00:00,0.8093220889058451,0.830066082200109,0.7710099244907931,0.7764262126560081
2024-01-01 00:00:00,0.7764262126560081,0.847556208911529,0.756484988857117,0.8437814927281381
2024-01-02 00:00:00,0.8437814927281381,0.930793696233414,0.8399047529368241,0.906221535210691
2024-01-03 00:00:00,0.906221535210691,0.940543650304673,0.700990146948256,0.8441218803701711
2024-01-04 00:00:00,0.8441218803701711,0.870874489739861,0.807823455149672,0.8550470322467191
2024-01-05 00:00:00,0.8550470322467191,0.907903211005046,0.7750920202986641,0.9079028857353092
2024-01-06 00:00:00,0.9079028857353092,0.9094196189540912,0.808644008978287,0.832563901625024
2024-01-07 00:00:00,0.832563901625024,0.8637779603205541,0.79248620452543,0.8005624870501411
2024-01-08 00:00:00,0.8005624870501411,0.883319414238611,0.72777484531607,0.863550935135994
2024-01-09 00:00:00,0.863550935135994,0.8792307377396771,0.7766193928677181,0.8018217419163061
2024-01-10 00:00:00,0.8018217419163061,0.8632321364004241,0.7622457086944161,0.8422870696056861
2024-01-11 00:00:00,0.8422870696056861,1.14846615777593,0.8325252551281,1.09266051129539
2024-01-12 00:00:00,1.09266051129539,1.22524928340666,1.044806798808,1.16798516682412
2024-01-13 00:00:00,1.16798516682412,1.36249101243947,1.12075349281433,1.28898894410367
2024-01-14 00:00:00,1.28898894410367,1.35262084440413,1.2323677428685,1.25127377785587
2024-01-15 00:00:00,1.25127377785587,1.44932314953087,1.25059799196473,1.37100271579257
2024-01-16 00:00:00,1.37100271579257,1.39771465003636,1.24017356141577,1.27047831963839
2024-01-17 00:00:00,1.27047831963839,1.32866815150677,1.20344105014999,1.29215555693904
2024-01-18 00:00:00,1.29215555693904,1.34578512432868,1.14630924509394,1.15778581303124
2024-01-19 00:00:00,1.15778581303124,1.18984097427229,1.08555595432063,1.16516866545056
2024-01-20 00:00:00,1.16516866545056,1.16544319651667,1.05733162095799,1.10160208978828
2024-01-21 00:00:00,1.10160208978828,1.12497335268717,1.05892287176578,1.05996346983588
2024-01-22 00:00:00,1.05996346983588,1.12977285983492,1.01294281820072,1.07217154090098
2024-01-23 00:00:00,1.07217154090098,1.22581698644431,1.02027950639597,1.18495242761879
2024-01-24 00:00:00,1.18495242761879,1.31647881614566,1.1431414111053,1.29273402211002
2024-01-25 00:00:00,1.29273402211002,1.29357232797169,1.16416408035681,1.17836177793218
2024-01-26 00:00:00,1.17836177793218,1.47058959541262,1.15775022990795,1.45854095254293
2024-01-27 00:00:00,1.45854095254293,1.49487300868979,1.373371402608,1.39451510596267
2024-01-28 00:00:00,1.39451510596267,1.48767961327081,1.31128903569481,1.33339506416111
2024-01-29 00:00:00,1.33339506416111,1.58227120130085,1.32804256187602,1.56278756322575
2024-01-30 00:00:00,1.56278756322575,1.64929973050247,1.5166593317410602,1.54509200883543
2024-01-31 00:00:00,1.54509200883543,1.63734008561115,1.48540241991937,1.51811545859751
2024-02-01 00:00:00,1.51811545859751,1.56640855330671,1.43148932920702,1.52558194059918
2024-02-02 00:00:00,1.52558194059918,1.5433578543439102,1.44611049628328,1.46188819469521
2024-02-03 00:00:00,1.46188819469521,1.48352666003747,1.38826274076077,1.43710488252966
2024-02-04 00:00:00,1.43710488252966,1.53881310436147,1.42386417571878,1.46472622651572
2024-02-05 00:00:00,1.46472622651572,1.65736736873817,1.43291320663905,1.57428995366432
2024-02-06 00:00:00,1.57428995366432,1.61176503161248,1.51006130650467,1.51817642125617
2024-02-07 00:00:00,1.51817642125617,1.55854209189576,1.48669084285723,1.54100905062559
2024-02-08 00:00:00,1.54100905062559,1.58607924852572,1.50525298318033,1.52673254804766
2024-02-09 00:00:00,1.52673254804766,1.8073908006018,1.51992691190928,1.76334444978447
2024-02-10 00:00:00,1.76334444978447,1.81365470794152,1.70167602069003,1.7321822825783602
2024-02-11 00:00:00,1.7321822825783602,1.79585360741491,1.6792041175987,1.69511463875462
2024-02-12 00:00:00,1.69511463875462,1.82727211128986,1.69018860111669,1.76251721506811
2024-02-13 00:00:00,1.76251721506811,1.87942283091743,1.73112171984512,1.85737057451078
2024-02-14 00:00:00,1.85737057451078,1.9717458015021296,1.81429504673263,1.9074261225811
2024-02-15 00:00:00,1.9074261225811,1.94680522026768,1.82273606994501,1.86463017240659
2024-02-16 00:00:00,1.86463017240659,1.88116565225571,1.7475837328891402,1.80896755906097
2024-02-17 00:00:00,1.80896755906097,1.8157129601670696,1.70454984916547,1.7679483056123702
2024-02-18 00:00:00,1.7679483056123702,1.81552059948487,1.73412032563524,1.8002104094706
2024-02-19 00:00:00,1.8002104094706,1.8334474408328,1.74110737263647,1.7736566639201
2024-02-20 00:00:00,1.7736566639201,1.77804864230271,1.62735490767875,1.71716360865658
2024-02-21 00:00:00,1.71716360865658,1.72100023271719,1.62139847656317,1.69234634379175
2024-02-22 00:00:00,1.69234634379175,1.76996038254078,1.64010362819348,1.71861775123344
2024-02-23 00:00:00,1.71861775123344,1.74606124449815,1.56761064507132,1.6035664130236
2024-02-24 00:00:00,1.6035664130236,1.66445618621126,1.55455124235776,1.63588689729547
2024-02-25 00:00:00,1.63588689729547,1.65238754180515,1.61437653905901,1.64532195548047
2024-02-26 00:00:00,1.64532195548047,1.71518889537643,1.5803035846173,1.67178741372256
2024-02-27 00:00:00,1.67178741372256,1.70496257868544,1.58714982585382,1.61533112888077
2024-02-28 00:00:00,1.61533112888077,1.71864057201412,1.49109168907292,1.58557983381263
2024-02-29 00:00:00,1.58557983381263,1.71397750067611,1.57183166376601,1.67684278044687
2024-03-01 00:00:00,1.67684278044687,1.74364087055086,1.6544484875792,1.6914622932561398
2024-03-02 00:00:00,1.6914622932561398,1.69790065661831,1.59181043859072,1.62248680064348
2024-03-03 00:00:00,1.62248680064348,1.62886597256219,1.51089435269801,1.5593001121453
2024-03-04 00:00:00,1.5593001121453,1.59101498790193,1.4359266198625,1.48626306618781
2024-03-05 00:00:00,1.48626306618781,1.58552607058093,1.18934414663699,1.3988420900796
2024-03-06 00:00:00,1.3988420900796,1.50909475971975,1.35969637455758,1.47489152676723
2024-03-07 00:00:00,1.47489152676723,1.6180233220216,1.47314506258321,1.58243793229822
2024-03-08 00:00:00,1.58243793229822,1.60370848522189,1.48713290095664,1.54645527713511
2024-03-09 00:00:00,1.54645527713511,1.67235418566442,1.52287275626994,1.58626718670721
2024-03-10 00:00:00,1.58626718670721,1.65302736484897,1.5222339457324598,1.55650576458941
2024-03-11 00:00:00,1.55650576458941,1.5918070866741,1.49625022563376,1.57129390581223
2024-03-12 00:00:00,1.57129390581223,1.63312450542491,1.45138344818367,1.59824458703525
2024-03-13 00:00:00,1.59824458703525,1.6957659566741898,1.57628558563106,1.62078512463098
2024-03-14 00:00:00,1.62078512463098,1.66042162189623,1.47512277094466,1.56732657464155
2024-03-15 00:00:00,1.56732657464155,1.58129791521459,1.35279869616349,1.49216958457095
2024-03-16 00:00:00,1.49216958457095,1.71657078442891,1.48578120644535,1.6325744027135198
2024-03-17 00:00:00,1.6325744027135198,1.63603968901631,1.43986904427551,1.61462412281408
2024-03-18 00:00:00,1.61462412281408,1.75182738421932,1.51824097511448,1.52324805878261
2024-03-19 00:00:00,1.52324805878261,1.73561892802503,1.43491389295892,1.64658021889012
2024-03-20 00:00:00,1.64658021889012,1.77998839538586,1.50247565246788,1.75385741825423
2024-03-21 00:00:00,1.75385741825423,1.94458139415827,1.74102731959315,1.82666101150366
2024-03-22 00:00:00,1.82666101150366,1.83160547093898,1.68574424534759,1.73190213434307
2024-03-23 00:00:00,1.73190213434307,1.73794459701328,1.64326972370669,1.6454136121814
2024-03-24 00:00:00,1.6454136121814,1.69913686038072,1.6212528792205,1.67890415874566
2024-03-25 00:00:00,1.67890415874566,1.74592809188096,1.65774698487406,1.70414588918998
2024-03-26 00:00:00,1.70414588918998,1.89415322080807,1.69708863411329,1.88592402310535
2024-03-27 00:00:00,1.88592402310535,2.18039849000191,1.85660144465926,2.07481101538989
2024-03-28 00:00:00,2.07481101538989,2.16120237277469,1.9584988759995496,2.02222518579021
2024-03-29 00:00:00,2.02222518579021,2.14628811969372,1.90393916295055,1.90426066672254
2024-03-30 00:00:00,1.90426066672254,1.95562037156228,1.87107949268011,1.88138896588333
2024-03-31 00:00:00,1.88138896588333,1.9252962536208,1.86698889015544,1.91462511143162
2024-04-01 00:00:00,1.91462511143162,2.02516732196209,1.83436660323539,1.9403901643921
2024-04-02 00:00:00,1.9403901643921,2.00490875370725,1.72811618311393,1.73388593382892
2024-04-03 00:00:00,1.73388593382892,1.76385874894362,1.63768812639286,1.66866409693428
2024-04-04 00:00:00,1.66866409693428,1.74324133734847,1.66061759572359,1.68449255381583
2024-04-05 00:00:00,1.68449255381583,1.6845087866475,1.54321432839298,1.6087579972371802
2024-04-06 00:00:00,1.6087579972371802,1.64376948258923,1.6015952429724298,1.62510585443794
2024-04-07 00:00:00,1.62510585443794,1.66824117142882,1.61830183970726,1.64182882454937
2024-04-08 00:00:00,1.64182882454937,1.7225306086439,1.61969386655712,1.7106288959926
2024-04-09 00:00:00,1.7106288959926,1.71875969670086,1.57274776393181,1.5747640569869898
2024-04-10 00:00:00,1.5747640569869898,1.58369406385891,1.46864055990208,1.52245926265228
2024-04-11 00:00:00,1.52245926265228,1.55985432931323,1.47625446601525,1.49100632687116
2024-04-12 00:00:00,1.49100632687116,1.5146100423219,1.0603282283987,1.24036347407904
2024-04-13 00:00:00,1.24036347407904,1.24615143773014,0.9123097291618012,1.06293793609687
2024-04-14 00:00:00,1.06293793609687,1.20822881200466,1.02833657270451,1.19992225861265
2024-04-15 00:00:00,1.19992225861265,1.29875360393349,1.11690524138404,1.17191505471512
2024-04-16 00:00:00,1.17191505471512,1.23350371338184,1.10739870581747,1.22437459403476
2024-04-17 00:00:00,1.22437459403476,1.35696068119819,1.17816054124913,1.26006598882631
2024-04-18 00:00:00,1.26006598882631,1.28763988359002,1.19989399556516,1.25561298246401
2024-04-19 00:00:00,1.25561298246401,1.39063123694578,1.13722626013426,1.33391923215864
2024-04-20 00:00:00,1.33391923215864,1.4352369500198,1.30586195657126,1.42813518003556
2024-04-21 00:00:00,1.42813518003556,1.44532163958511,1.34200706580917,1.37102861785163
2024-04-22 00:00:00,1.37102861785163,1.44019007645804,1.35502301123567,1.39304145447817
2024-04-23 00:00:00,1.39304145447817,1.41729881633219,1.31112584361646,1.32617862018202
2024-04-24 00:00:00,1.32617862018202,1.34942844058731,1.23673946459729,1.25024071778226
2024-04-25 00:00:00,1.25024071778226,1.26504926919936,1.18748224946795,1.22453664197972
2024-04-26 00:00:00,1.22453664197972,1.22992046624339,1.16269033026096,1.17431540430008
2024-04-27 00:00:00,1.17431540430008,1.23169717605524,1.12970275975966,1.21109440835994
2024-04-28 00:00:00,1.21109440835994,1.25914614911565,1.2056328472012,1.21819265011224
2024-04-29 00:00:00,1.21819265011224,1.23173802140504,1.16723270886637,1.19216531302876
2024-04-30 00:00:00,1.19216531302876,1.20561935713959,1.07606169959571,1.1433754075461
2024-05-01 00:00:00,1.1433754075461,1.16551994283763,1.0735535010113,1.14710464506487
2024-05-02 00:00:00,1.14710464506487,1.16163260417674,1.09292057860751,1.12345457865364
2024-05-03 00:00:00,1.12345457865364,1.14745651848835,1.07300937144266,1.1208105351665
2024-05-04 00:00:00,1.1208105351665,1.13163824433377,1.08244359706296,1.09117207673293
2024-05-05 00:00:00,1.09117207673293,1.12166090653063,1.05434063113241,1.10186841540158
2024-05-06 00:00:00,1.10186841540158,1.15645209847788,1.08675896758064,1.1000480975704
2024-05-07 00:00:00,1.1000480975704,1.14826068129855,1.0804611600283,1.08396306578915
2024-05-08 00:00:00,1.08396306578915,1.08719961394447,1.00868012888688,1.01390681141964
2024-05-09 00:00:00,1.01390681141964,1.04281145236357,0.977180889360673,1.02907125815416
2024-05-10 00:00:00,1.02907125815416,1.11169981337194,1.00676805043367,1.01170263663958
2024-05-11 00:00:00,1.01170263663958,1.03555233076617,0.992278191693044,0.9944426689048972
2024-05-12 00:00:00,0.9944426689048972,1.02056414885183,0.9921750767814652,1.00599327512601
2024-05-13 00:00:00,1.00599327512601,1.01697455681535,0.946285673788938,0.9715625012474112
2024-05-14 00:00:00,0.9715625012474112,0.977895208050763,0.8874947221457371,0.898437560995297
2024-05-15 00:00:00,0.898437560995297,1.0290100148914,0.8889110380750661,0.9947808776865492
2024-05-16 00:00:00,0.9947808776865492,1.07714602102175,0.978563404296907,1.0272857275817
2024-05-17 00:00:00,1.0272857275817,1.1106595884813,1.01344956312845,1.07779517635722
2024-05-18 00:00:00,1.07779517635722,1.09112498653254,1.05423087272441,1.08147767084586
2024-05-19 00:00:00,1.08147767084586,1.08938064642715,1.02066244307064,1.02870897871317
2024-05-20 00:00:00,1.02870897871317,1.1465959151998,1.0105282257743,1.14656583320183
2024-05-21 00:00:00,1.14656583320183,1.17168536301239,1.12042513157583,1.14116112364221
2024-05-22 00:00:00,1.14116112364221,1.15397362364119,1.08193847209875,1.10532890267901
2024-05-23 00:00:00,1.10532890267901,1.13315827746805,1.02334531357718,1.07704776833171
2024-05-24 00:00:00,1.07704776833171,1.08589801590104,1.03287857711902,1.06816139475271
2024-05-25 00:00:00,1.06816139475271,1.08311544747769,1.05229135613669,1.06285138861256
2024-05-26 00:00:00,1.06285138861256,1.06983896709644,1.02393595553147,1.04297876383535
2024-05-27 00:00:00,1.04297876383535,1.08300843446123,1.03254809195636,1.07522913365867
2024-05-28 00:00:00,1.07522913365867,1.0759151683909,1.0164853576841,1.03097163622341
2024-05-29 00:00:00,1.03097163622341,1.04652660609974,1.01138008470795,1.01748256027467
2024-05-30 00:00:00,1.01748256027467,1.03469551673843,0.9836268550994752,1.01338537381732
2024-05-31 00:00:00,1.01338537381732,1.03316334245429,0.9964306742631872,1.02423498718986
2024-06-01 00:00:00,1.02423498718986,1.03594022362451,1.0137648503525,1.02399304099987
2024-06-02 00:00:00,1.02399304099987,1.03813903156486,1.01044944275303,1.0177877378578
2024-06-03 00:00:00,1.0177877378578,1.0554933082989,1.01526728205289,1.0403635817063
2024-06-04 00:00:00,1.0403635817063,1.05621135898926,1.01462319814552,1.05430443159849
2024-06-05 00:00:00,1.05430443159849,1.10506918221169,1.04691558865174,1.10443989076267
2024-06-06 00:00:00,1.10443989076267,1.13624237458262,1.08823283655345,1.11383330372303
2024-06-07 00:00:00,1.11383330372303,1.1711584529376,1.00093260067785,1.08188721978919
2024-06-08 00:00:00,1.08188721978919,1.17073576116183,1.06659930229846,1.10437122448445
2024-06-09 00:00:00,1.10437122448445,1.12904530511125,1.06465452571438,1.09464259924012
2024-06-10 00:00:00,1.09464259924012,1.09668251136724,1.03274861545516,1.03439936380991
2024-06-11 00:00:00,1.03439936380991,1.04346151841966,0.9842643092248112,0.9933583207138932
2024-06-12 00:00:00,0.9933583207138932,1.05434072761366,0.9626172196099372,1.0191811199526
2024-06-13 00:00:00,1.0191811199526,1.02079388602299,0.959991372474674,0.966349214995577
2024-06-14 00:00:00,0.966349214995577,1.00310079454772,0.903194455776886,0.930021925381472
2024-06-15 00:00:00,0.930021925381472,0.959232981035432,0.926712180322808,0.944012746374908
2024-06-16 00:00:00,0.944012746374908,0.9697782665337472,0.923509658037752,0.9697297235590272
2024-06-17 00:00:00,0.9697297235590272,0.9846698694272592,0.8706004525741181,0.891171798145426
2024-06-18 00:00:00,0.891171798145426,0.8943543745723641,0.762115515186861,0.80047173896549
2024-06-19 00:00:00,0.80047173896549,0.8759851433182211,0.7919248967598951,0.8657232905020271
2024-06-20 00:00:00,0.8657232905020271,0.923653640241444,0.859748358821603,0.8940608689587081
2024-06-21 00:00:00,0.8940608689587081,0.919957161021638,0.8665035801935491,0.919660019322474
2024-06-22 00:00:00,0.919660019322474,0.923920748278956,0.8873931884162051,0.8905409034411741
2024-06-23 00:00:00,0.8905409034411741,0.942321148088133,0.877809607082429,0.8809511521987761
2024-06-24 00:00:00,0.8809511521987761,0.898138388929949,0.819963993898254,0.8949864713784641
2024-06-25 00:00:00,0.8949864713784641,0.906097294176454,0.869944751975906,0.8785288687190811
2024-06-26 00:00:00,0.8785288687190811,0.8901066390815031,0.822754772438234,0.8293357917798581
2024-06-27 00:00:00,0.8293357917798581,0.87043462939647,0.825729469249256,0.8355195690452211
2024-06-28 00:00:00,0.8355195690452211,0.843467123234077,0.78734893907127,0.7899164290441311
2024-06-29 00:00:00,0.7899164290441311,0.805118122582818,0.779856626649835,0.7814900934362181
2024-06-30 00:00:00,0.7814900934362181,0.823791312007065,0.77243485561491,0.818892606563915
2024-07-01 00:00:00,0.818892606563915,0.8340745456324341,0.8054188579842181,0.8088234858276481
2024-07-02 00:00:00,0.8088234858276481,0.835156294126368,0.79954080147705,0.824484386966417
2024-07-03 00:00:00,0.824484386966417,0.828868561999866,0.769506535370973,0.775611663984865
2024-07-04 00:00:00,0.775611663984865,0.7827683116518671,0.671157140955001,0.674390330961806
2024-07-05 00:00:00,0.674390330961806,0.6752148451541721,0.582484927006035,0.64450794762105
2024-07-06 00:00:00,0.64450794762105,0.7001686620269071,0.641555407950954,0.6940330794189511
2024-07-07 00:00:00,0.6940330794189511,0.697732179542869,0.638628165781831,0.640849641962363
2024-07-08 00:00:00,0.640849641962363,0.69734801472001,0.6144931957808211,0.673983650498533
2024-07-09 00:00:00,0.673983650498533,0.755536783586322,0.667691354790171,0.7441111283735791
2024-07-10 00:00:00,0.7441111283735791,0.7677665694842181,0.720369579258054,0.738484636728104
2024-07-11 00:00:00,0.738484636728104,0.778844397468167,0.729708437898522,0.756787092438793
2024-07-12 00:00:00,0.756787092438793,0.771914514812012,0.732204937891479,0.74887376110179
2024-07-13 00:00:00,0.74887376110179,0.766959502624951,0.7435174229954,0.7581919250062481
2024-07-14 00:00:00,0.7581919250062481,0.8192802550768231,0.758021281448317,0.808195093869976
2024-07-15 00:00:00,0.808195093869976,0.850060385960067,0.7945461291292211,0.8453570467382621
2024-07-16 00:00:00,0.8453570467382621,0.883838973468379,0.817522427554035,0.868087765409412
2024-07-17 00:00:00,0.868087765409412,0.8916189107579181,0.8394919895882871,0.8401390025315341
2024-07-18 00:00:00,0.8401390025315341,0.8556385045147261,0.7884247680067411,0.8110424860247291
2024-07-19 00:00:00,0.8110424860247291,0.8623176456917051,0.79738025045957,0.8544312640666311
2024-07-20 00:00:00,0.8544312640666311,0.8911870444396771,0.844226729472708,0.8505548560314351
2024-07-21 00:00:00,0.8505548560314351,0.859608634910014,0.8139054203048091,0.8592376520546211
2024-07-22 00:00:00,0.8592376520546211,0.9012864781390312,0.82737048452164,0.8320517461982331
2024-07-23 00:00:00,0.8320517461982331,0.84628649446336,0.801582319683646,0.8149155263066481
2024-07-24 00:00:00,0.8149155263066481,0.826250809800927,0.7658126046608891,0.7712390197577931
2024-07-25 00:00:00,0.7712390197577931,0.7718227159579091,0.711423815742367,0.7499203749112161
2024-07-26 00:00:00,0.7499203749112161,0.7932516319410241,0.747092338982223,0.787571856797001
2024-07-27 00:00:00,0.787571856797001,0.798811572532604,0.7651043336982261,0.784801753746438
2024-07-28 00:00:00,0.784801753746438,0.784805471054955,0.7440924464583,0.74994383504473
2024-07-29 00:00:00,0.74994383504473,0.784650480858734,0.7370071112301021,0.740620239560404
2024-07-30 00:00:00,0.740620239560404,0.7510087561909491,0.694797664633655,0.708051560266518
2024-07-31 00:00:00,0.708051560266518,0.726511789151953,0.694499238113878,0.7076813843870461
2024-08-01 00:00:00,0.7076813843870461,0.7177855536752881,0.659636202188541,0.6961715361792361
2024-08-02 00:00:00,0.6961715361792361,0.7004601323373331,0.6352543791581351,0.638487298639406
2024-08-03 00:00:00,0.638487298639406,0.653536699046393,0.594706769289245,0.61011445672113
2024-08-04 00:00:00,0.61011445672113,0.62913813560045,0.565328871273993,0.577724206414123
2024-08-05 00:00:00,0.577724206414123,0.58080557432631,0.463424699816046,0.535056018783939
2024-08-06 00:00:00,0.535056018783939,0.61617511181761,0.534795023590193,0.6021142396154181
2024-08-07 00:00:00,0.6021142396154181,0.6494525841589881,0.592294150965402,0.617179488651996
2024-08-08 00:00:00,0.617179488651996,0.862428182411579,0.601741593436321,0.854477163159382
2024-08-09 00:00:00,0.854477163159382,0.8803453457553521,0.82817874040298,0.857484811173785
2024-08-10 00:00:00,0.857484811173785,0.96022886201077,0.8516379568112561,0.9196139991210592
2024-08-11 00:00:00,0.9196139991210592,0.9303793830928292,0.8625228503894881,0.8758798532485931
2024-08-12 00:00:00,0.8758798532485931,1.11637906680925,0.8757324514342981,1.01722834139226
2024-08-13 00:00:00,1.01722834139226,1.01903473332075,0.937332034170523,0.958410511918776
2024-08-14 00:00:00,0.958410511918776,0.9756012142265972,0.889742202201343,0.9377324803480612
2024-08-15 00:00:00,0.9377324803480612,0.941893898254589,0.82839493888118,0.8477804026984761
2024-08-16 00:00:00,0.8477804026984761,0.887118385131044,0.8111104864109491,0.8155749600105071
2024-08-17 00:00:00,0.8155749600105071,0.8527957589499561,0.80349870005544,0.8283363130008511
2024-08-18 00:00:00,0.8283363130008511,0.8573864668198521,0.8191583060919281,0.8273364102633931
2024-08-19 00:00:00,0.8273364102633931,0.918589496618731,0.814248081226084,0.9040612454248732
2024-08-20 00:00:00,0.9040612454248732,0.93082934035658,0.868608027785254,0.8733865677211281
2024-08-21 00:00:00,0.8733865677211281,0.885684105976237,0.8358513563048181,0.850519345559102
2024-08-22 00:00:00,0.850519345559102,0.865629279271923,0.8360768544231,0.8528457541809281
2024-08-23 00:00:00,0.8528457541809281,1.03613616108359,0.8525850584693541,1.01680700992303
2024-08-24 00:00:00,1.01680700992303,1.05718033394302,0.98818529450592,1.01889553386797
2024-08-25 00:00:00,1.01889553386797,1.02275499133274,0.9605538534765472,1.0006259535687
2024-08-26 00:00:00,1.0006259535687,1.01517011142949,0.927416321088358,0.92747503161436
2024-08-27 00:00:00,0.92747503161436,0.976817398940202,0.8358242805570171,0.85044073284851
2024-08-28 00:00:00,0.85044073284851,0.85159436992041,0.7662322100259641,0.8115811408049161
2024-08-29 00:00:00,0.8115811408049161,0.855978260368463,0.7964497145134051,0.8060087484142111
2024-08-30 00:00:00,0.8060087484142111,0.838735553489462,0.7703015029236341,0.8339149394241191
2024-08-31 00:00:00,0.8339149394241191,0.8376882482419711,0.786753376076458,0.7970000432640341
2024-09-01 00:00:00,0.7970000432640341,0.812906860531965,0.7606172178862161,0.7636430511577461
2024-09-02 00:00:00,0.7636430511577461,0.7990488078973551,0.744359975419549,0.7885699505963351
2024-09-03 00:00:00,0.7885699505963351,0.838137111635871,0.7822461749329761,0.7874200642221211
2024-09-04 00:00:00,0.7874200642221211,0.8346456260833751,0.7553021639837191,0.8110572462500111
2024-09-05 00:00:00,0.8110572462500111,0.8409083372722961,0.7828579433190871,0.7996014248835731
2024-09-06 00:00:00,0.7996014248835731,0.8887791872589981,0.7931859516527721,0.84032520000538
2024-09-07 00:00:00,0.84032520000538,0.919141779819348,0.8320979054830151,0.89195389576814
2024-09-08 00:00:00,0.89195389576814,0.985659111287174,0.88526538442584,0.942113670696982
2024-09-09 00:00:00,0.942113670696982,0.973557686493393,0.8978621379202231,0.959812792562358
2024-09-10 00:00:00,0.959812792562358,0.9719145521785412,0.9119826573280152,0.919478683250324
2024-09-11 00:00:00,0.919478683250324,0.93483108820567,0.8702304410249251,0.931697366736038
2024-09-12 00:00:00,0.931697366736038,1.05854666084957,0.9294992375586032,1.04073708584924
2024-09-13 00:00:00,1.04073708584924,1.0485559388283,0.995252660060675,1.02916198212571
2024-09-14 00:00:00,1.02916198212571,1.069640894609,1.00798278343953,1.04592251160717
2024-09-15 00:00:00,1.04592251160717,1.13793819921343,1.04277164101191,1.08137287284324
2024-09-16 00:00:00,1.08137287284324,1.13140591325783,1.02831142644538,1.04467256334277
2024-09-17 00:00:00,1.04467256334277,1.19010255181858,1.02273462381666,1.17196707468412
2024-09-18 00:00:00,1.17196707468412,1.31896977202877,1.14606439603877,1.31729480794773
2024-09-19 00:00:00,1.31729480794773,1.40831988101924,1.31026479193288,1.3800304797445
2024-09-20 00:00:00,1.3800304797445,1.57369614097219,1.35147685629481,1.47046007407772
2024-09-21 00:00:00,1.47046007407772,1.51177386039074,1.43570475688634,1.48252685097398
2024-09-22 00:00:00,1.48252685097398,1.63024075784764,1.42601950882797,1.58494505409736
2024-09-23 00:00:00,1.58494505409736,1.64589672231175,1.5101119102907,1.53574767734505
2024-09-24 00:00:00,1.53574767734505,1.79223601153055,1.50169225785162,1.74312297811477
2024-09-25 00:00:00,1.74312297811477,1.77419026881985,1.66962384266816,1.69742580868399
2024-09-26 00:00:00,1.69742580868399,1.75632611971105,1.60579023547619,1.64120796897712
2024-09-27 00:00:00,1.64120796897712,1.73339369545871,1.61883419921708,1.65843874727767
2024-09-28 00:00:00,1.65843874727767,1.69309891889567,1.6097141642106,1.68832426768762
2024-09-29 00:00:00,1.68832426768762,1.84736304325,1.62914672462963,1.75893985411013
2024-09-30 00:00:00,1.75893985411013,1.83945875064801,1.70343414232081,1.77638162566787
2024-10-01 00:00:00,1.77638162566787,1.93141997670963,1.67471505887977,1.76005129397812
2024-10-02 00:00:00,1.76005129397812,1.9322123743567297,1.7425837436362102,1.85876230607835
2024-10-03 00:00:00,1.85876230607835,1.99965808503324,1.61170422794151,1.66699024390218
2024-10-04 00:00:00,1.66699024390218,1.82242951316545,1.62925616909862,1.77236263061628
2024-10-05 00:00:00,1.77379343583923,1.78802831535607,1.69466122906354,1.75568918321779
2024-10-06 00:00:00,1.75531604784923,1.86639048975832,1.71031805273005,1.84092565204535
2024-10-07 00:00:00,1.84092565204535,2.16307172073377,1.83750821749267,2.01764228513469
2024-10-08 00:00:00,2.01764573977559,2.13164951558324,1.93525045359152,1.9889342405242
2024-10-09 00:00:00,1.9889342405242,1.99746142649042,1.84717524001159,1.8770491832525
2024-10-10 00:00:00,1.87704992901834,1.90368137255995,1.74886428414736,1.83550986517301
2024-10-11 00:00:00,1.83548497971678,2.08516286024509,1.79544083964435,2.05253628557629
2024-10-12 00:00:00,2.05295424016135,2.28804970325282,2.00466082351221,2.24263047341439
2024-10-13 00:00:00,2.2424148939365898,2.36585669944888,2.12566647207195,2.34441983756673
2024-10-14 00:00:00,2.34441983756673,2.34754042928379,2.21064795649958,2.24561328634933
2024-10-15 00:00:00,2.24559082216631,2.26840088343547,1.97634451299133,2.05676541459706
2024-10-16 00:00:00,2.05676541459706,2.15191563629557,1.97589914868004,2.08464946080064
2024-10-17 00:00:00,2.08230538019171,2.16038688014515,1.99781393054481,2.02273258888837
2024-10-18 00:00:00,2.02273258888837,2.14960952497045,2.00734657027077,2.12425768561648
2024-10-19 00:00:00,2.12425768561648,2.12427927566392,2.04222548490894,2.06224412500654
2024-10-20 00:00:00,2.06245492091334,2.15304981851059,2.04413576686559,2.12765232806887
2024-10-21 00:00:00,2.12765232806887,2.17529244140318,1.99895792427952,2.00915451698973
2024-10-22 00:00:00,2.00866230956197,2.03107673338496,1.87755508039343,1.93681917664562
2024-10-23 00:00:00,1.93930082319218,1.99523517992275,1.86574120460708,1.97784275527327
2024-10-24 00:00:00,1.9768472746325096,2.0490281248129,1.9270070648781,1.93685713734343
2024-10-25 00:00:00,1.93701809387513,1.94343826759185,1.69184971154733,1.7527924979699998
2024-10-26 00:00:00,1.75070556130498,1.8435782531843896,1.70126046135999,1.79345574881669
2024-10-27 00:00:00,1.79318480776743,1.82492932894446,1.72518293550929,1.75491991595607
2024-10-28 00:00:00,1.75491991595607,1.78676459780494,1.6057357903614,1.77340284180301
2024-10-29 00:00:00,1.77340284180301,2.09663984688396,1.76529134255805,2.07219524152831
2024-10-30 00:00:00,2.07219524152831,2.13110194326317,1.98150949690301,2.08490888515269
2024-10-31 00:00:00,2.08490888515269,2.09893800301741,1.940458683948,1.97285748940327
2024-11-01 00:00:00,1.97285748940327,2.10983434066662,1.91829878498048,1.99211501857156
2024-11-02 00:00:00,1.99211501857156,2.02699436486023,1.874326275936,1.90855412795151
2024-11-03 00:00:00,1.90855412795151,1.96304342769601,1.7740504524934702,1.94904122257742
2024-11-04 00:00:00,1.94904122257742,1.96706597362753,1.79788477221223,1.85113865841358
2024-11-05 00:00:00,1.85113865841358,2.06740146747988,1.84376479657942,2.01002269568195
2024-11-06 00:00:00,2.01002269568195,2.34683977956491,2.00307383327177,2.30191435671139
2024-11-07 00:00:00,2.30191435671139,2.38107283682279,2.20750599147122,2.31838376683527
2024-11-08 00:00:00,2.31838376683527,2.37960420705319,2.20625048578514,2.28877503895339
2024-11-09 00:00:00,2.28877503895339,2.8435340986808297,2.23173854458551,2.74785336469828
2024-11-10 00:00:00,2.74785336469828,3.14865332480401,2.70021394649424,3.03128513888073
2024-11-11 00:00:00,3.03128513888073,3.31142389442316,3.02491891610124,3.27657972452277
2024-11-12 00:00:00,3.27657972452277,3.33556919924258,2.83775174291139,3.21976662486233
2024-11-13 00:00:00,3.21976662486233,3.44230676101445,2.86347780036808,3.31124200680431
2024-11-14 00:00:00,3.31124200680431,3.53112096840123,3.24030402304051,3.35455650057867
2024-11-15 00:00:00,3.35455650057867,3.67857393055891,3.11085800822985,3.61381743355135
2024-11-16 00:00:00,3.61381743355135,3.93427184724755,3.58561087401142,3.76056858114103
2024-11-17 00:00:00,3.76056858114103,3.93756035661311,3.57719275642947,3.78635519021857
2024-11-18 00:00:00,3.78635519021857,3.90603875768471,3.61122879455455,3.7048420982102
2024-11-19 00:00:00,3.7048420982102,3.84877951695719,3.61136447702007,3.73125380085826
2024-11-20 00:00:00,3.73125380085826,3.84809183233526,3.43057908441393,3.53004609643456
2024-11-21 00:00:00,3.53004609643456,3.6905161132989,3.33400753954744,3.6258022179634
2024-11-22 00:00:00,3.6258022179634,3.65490694262121,3.39577983189337,3.56310979381912
2024-11-23 00:00:00,3.56310979381912,3.65356867435542,3.34453853264172,3.43870755786986
2024-11-24 00:00:00,3.43870755786986,3.57114655406851,3.16387029170095,3.39471920289362
2024-11-25 00:00:00,3.39471920289362,3.48010204124551,3.10450315864305,3.19222481979683
2024-11-26 00:00:00,3.19222481979683,3.53914206061506,2.97618243598868,3.49347685700744
2024-11-27 00:00:00,3.49347685700744,3.50417588531906,3.2755985626727098,3.43604895603684
2024-11-28 00:00:00,3.43604895603684,3.65416632318756,3.39769766328209,3.44365407517448
2024-11-29 00:00:00,3.44365407517448,3.55006404206851,3.36053490888746,3.48362084522275
2024-11-30 00:00:00,3.48362084522275,3.53121877513311,3.41238991733983,3.47832222048948
2024-12-01 00:00:00,3.47832222048948,3.53479086602627,3.33740441238681,3.47393193559574
2024-12-02 00:00:00,3.47393193559574,3.48828976064078,3.18101045784838,3.39035648844372
2024-12-03 00:00:00,3.39035648844372,3.8729940630633,3.32416150891945,3.69168402054165
2024-12-04 00:00:00,3.69168402054165,3.78480743873021,3.53202938462154,3.67788237319495
2024-12-05 00:00:00,3.67788237319495,4.43952698037981,3.53393242284082,4.23130109877972
2024-12-06 00:00:00,4.23130109877972,4.48364013658598,4.08168596195521,4.21642597260159
2024-12-07 00:00:00,4.21642597260159,4.44231337062632,4.15490400600952,4.26159950165518
2024-12-08 00:00:00,4.26159950165518,4.40056508409477,4.12485526393322,4.22893270223827
2024-12-09 00:00:00,4.22893270223827,4.26651305030475,3.46820576346551,3.8429001901161
2024-12-10 00:00:00,3.8429001901161,3.89263932701223,3.46890345057999,3.71520960529474
2024-12-11 00:00:00,3.71520960529474,4.40070009170616,3.57320778875152,4.3729279962885
2024-12-12 00:00:00,4.3729279962885,4.87169367881571,4.35823455222625,4.62166734772066
2024-12-13 00:00:00,4.62166734772066,4.9106129408848105,4.54348460327294,4.75980005535543
2024-12-14 00:00:00,4.75980005535543,4.84090631341248,4.35422915900201,4.45852619880423
2024-12-15 00:00:00,4.45852619880423,4.84187798775704,4.35647879203184,4.7797745714844
2024-12-16 00:00:00,4.7797745714844,4.95019612099945,4.60429766313046,4.63023965041242
2024-12-17 00:00:00,4.63023965041242,4.86695687656086,4.56980426170143,4.64414298580472
2024-12-18 00:00:00,4.64414298580472,4.76182653841482,4.31739603246011,4.33965406509508
2024-12-19 00:00:00,4.33965406509508,4.59785472550327,3.94385655018885,4.0802569522983
2024-12-20 00:00:00,4.0802569522983,4.6047662122943,3.49227314943591,4.58796051890159
2024-12-21 00:00:00,4.58796051890159,4.91488213525155,4.2329814964186,4.35674860532259
2024-12-22 00:00:00,4.35674860532259,4.59024185487547,4.16343283882344,4.32276292078375
2024-12-23 00:00:00,4.32276292078375,4.75698680197179,4.11053037118659,4.72006758816496
2024-12-24 00:00:00,4.72006758816496,4.75908255070171,4.46741373834564,4.60897338569928
2024-12-25 00:00:00,4.60897338569928,4.64412334214176,4.46314066339377,4.50251659142664
2024-12-26 00:00:00,4.50251659142664,4.53682872439883,4.15419743340187,4.20298035756286
2024-12-27 00:00:00,4.20298035756286,4.41204369379388,4.05633810419963,4.08148576330486
2024-12-28 00:00:00,4.08148576330486,4.25717283614489,3.98089797009987,4.20737552890508
2024-12-29 00:00:00,4.20737552890508,4.27065976625511,4.05110758505772,4.09053602129168
2024-12-30 00:00:00,4.09053602129168,4.36773251613268,3.94891326579928,4.17669130771787
2024-12-31 00:00:00,4.17669130771787,4.33825320049896,4.04584919527969,4.1182466189929
2025-01-01 00:00:00,4.1182466189929,4.31139804056142,4.04451834775992,4.27960972397656
2025-01-02 00:00:00,4.27960972397656,4.46304326173817,4.25644763452891,4.34965959166599
2025-01-03 00:00:00,4.34965959166599,4.98650598501909,4.27840772974509,4.982220220336791
2025-01-04 00:00:00,4.982220220336791,5.35367087490058,4.84107561706603,5.29087204103677
2025-01-05 00:00:00,5.29087204103677,5.32318283879172,5.1199740539885,5.24346913402899
2025-01-06 00:00:00,5.24346913402899,5.35958514777638,5.02587434763611,5.09298780080339
2025-01-07 00:00:00,5.09298780080339,5.17268818924758,4.7591780243731,4.79207182720556
2025-01-08 00:00:00,4.79207182720556,4.91579846946688,4.4027520233085,4.9005014207566
2025-01-09 00:00:00,4.9005014207566,4.9005281082881,4.50287104270168,4.75661735988377
2025-01-10 00:00:00,4.75661735988377,5.25380183836681,4.74119009853082,5.12681697967112
2025-01-11 00:00:00,5.12681697967112,5.14516319829633,4.90809155525368,4.967728807072311
2025-01-12 00:00:00,4.967728807072311,4.97951297300528,4.69553368780038,4.73426670346893
2025-01-13 00:00:00,4.73426670346893,4.8572161189728,4.29185004292229,4.75312856078444
2025-01-14 00:00:00,4.75312856078444,4.7657854913662,4.54717481160739,4.59037852245906
2025-01-15 00:00:00,4.59037852245906,4.89088285884319,4.43706822501012,4.83919184450286
2025-01-16 00:00:00,4.83919184450286,5.0533083807909,4.58537462847923,4.75129217535085
2025-01-17 00:00:00,4.75129217535085,4.96780046428716,4.7170921353175,4.84042934974865
2025-01-18 00:00:00,4.84042934974865,5.13879083327242,4.61879166802778,4.99833734544916
2025-01-19 00:00:00,4.99833734544916,5.02022240672547,4.42081164381755,4.51388537237125
2025-01-20 00:00:00,4.51388537237125,4.83541943662482,4.32256491473891,4.41896896833633
2025-01-21 00:00:00,4.41896896833633,4.80385102129915,4.23265507619762,4.66644191034016
2025-01-22 00:00:00,4.66644191034016,4.70912793528438,4.45984390936598,4.47610023877925
2025-01-23 00:00:00,4.47610023877925,4.48094236640156,4.17175800199036,4.31066252184981
2025-01-24 00:00:00,4.31066252184981,4.49122672060558,4.17443114571318,4.21312586172852
2025-01-25 00:00:00,4.21312586172852,4.26667002625214,4.10235617262565,4.14221935109104
2025-01-26 00:00:00,4.14221935109104,4.23077684132861,3.86559506583363,3.87134668916687
2025-01-27 00:00:00,3.87134668916687,4.01338858270583,3.49873972864729,3.9635242305332
2025-01-28 00:00:00,3.9635242305332,4.014702820868,3.60835340555874,3.65129550939811
2025-01-29 00:00:00,3.65129550939811,3.8930412221358,3.60307437868507,3.6978018253735
2025-01-30 00:00:00,3.6978018253735,4.22817485684313,3.66824829817847,4.134169780802
2025-01-31 00:00:00,4.134169780802,4.26665522815789,4.01317822375905,4.1038122921978
2025-02-01 00:00:00,4.1038122921978,4.13234264236882,3.72420079435372,3.73588050603048
2025-02-02 00:00:00,3.73588050603048,3.85712052407418,3.13308083932857,3.30575915536627
2025-02-03 00:00:00,3.30575915536627,3.8240014646822,2.4317561296344,3.65301526066383
2025-02-04 00:00:00,3.65301526066383,3.89994145649051,3.27935344233877,3.59539682620508
2025-02-05 00:00:00,3.59539682620508,3.71401905797919,3.30457190042652,3.3301500750353
2025-02-06 00:00:00,3.3301500750353,3.5114239028459098,3.10898221413397,3.13707377258424
2025-02-07 00:00:00,3.13707377258424,3.38474784033839,2.9074105671604897,3.01382059319608
2025-02-08 00:00:00,3.01382059319608,3.08799125092433,2.88964601898964,3.06360511781384
2025-02-09 00:00:00,3.06360511781384,3.18169129486783,2.87413494136777,3.0049477092323
2025-02-10 00:00:00,3.0049477092323,3.31308726239184,2.90622538764171,3.2252638696017
2025-02-11 00:00:00,3.2252638696017,3.5894939877385,3.21309567818348,3.3397284744976
2025-02-12 00:00:00,3.3397284744976,3.67283234962428,3.10450790653544,3.59095827041468
2025-02-13 00:00:00,3.59095827041468,3.6629229942042,3.42093575270703,3.47832550689259
2025-02-14 00:00:00,3.47832550689259,3.74298900722173,3.44031525933421,3.56242293344139
2025-02-15 00:00:00,3.56242293344139,3.60775733538901,3.38582935782203,3.42846668247866
2025-02-16 00:00:00,3.42846668247866,3.46072638549829,3.26973166893237,3.27862487010609
2025-02-17 00:00:00,3.27862487010609,3.3614632181079,3.15465414224944,3.22479451079772
2025-02-18 00:00:00,3.22479451079772,3.23999939790912,2.92835574609675,3.06964084974873
2025-02-19 00:00:00,3.06964084974873,3.26307529167376,3.01439088810353,3.22353908916661
2025-02-20 00:00:00,3.22353908916661,3.48563713675858,3.19502864257193,3.45633578245869
2025-02-21 00:00:00,3.45633578245869,3.57241633441588,3.22870813373072,3.2714995083494
2025-02-22 00:00:00,3.2714995083494,3.45603539278301,3.25560167832056,3.42601947067029
2025-02-23 00:00:00,3.42601947067029,3.48896733115127,3.29050388730324,3.38121675526603
2025-02-24 00:00:00,3.38121675526603,3.45210840205887,2.81877176970556,2.8334587461597103
2025-02-25 00:00:00,2.8334587461597103,3.01593379941452,2.63975511210798,2.95927810937014
2025-02-26 00:00:00,2.95927810937014,3.0947775643541098,2.75087910293144,2.88366582078099
2025-02-27 00:00:00,2.88366582078099,2.97895892954241,2.76277891006467,2.79062043186047
2025-02-28 00:00:00,2.79062043186047,2.85830795575528,2.52723076033776,2.83291877395064
2025-03-01 00:00:00,2.83291877395064,2.9271501893109297,2.7877217157111,2.81995186619518
2025-03-02 00:00:00,2.81995186619518,3.2553904786626298,2.79417981936017,3.20138183335012
2025-03-03 00:00:00,3.20138183335012,3.20902157581403,2.58889808365241,2.62205172682863
2025-03-04 00:00:00,2.62205172682863,2.65545362937605,2.268814624828,2.53047278222784
2025-03-05 00:00:00,2.53047278222784,2.69544891128451,2.44902449100535,2.6394332856654
2025-03-06 00:00:00,2.6394332856654,3.00160483844778,2.59634263642056,2.74457554558817
2025-03-07 00:00:00,2.74457554558817,2.87355677057691,2.57480086003777,2.5875049734865803
2025-03-08 00:00:00,2.5875049734865803,2.63485533660837,2.48129395184029,2.48869127839803
2025-03-09 00:00:00,2.48869127839803,2.5308105403083703,2.2535825881862,2.29364196308962
2025-03-10 00:00:00,2.29364196308962,2.44727569525756,2.06514525920366,2.0924500268605
2025-03-11 00:00:00,2.0924500268605,2.30717956326807,1.9778007475425,2.23081999590069
2025-03-12 00:00:00,2.23081999590069,2.36931335330449,2.17762614851094,2.28870649651252
2025-03-13 00:00:00,2.28870649651252,2.33794184719596,2.11720965966572,2.16431163108011
2025-03-14 00:00:00,2.16431163108011,2.37863668927088,2.16137129897047,2.32634954804298
2025-03-15 00:00:00,2.32634954804298,2.4275234801851,2.30371364502136,2.35412975271812
2025-03-16 00:00:00,2.35412975271812,2.3681981618681,2.2073089530346,2.23248938164041
2025-03-17 00:00:00,2.23248938164041,2.38064049193015,2.23085823327125,2.3797225875908
2025-03-18 00:00:00,2.3797225875908,2.38820188831485,2.22408641025298,2.28623261085502
2025-03-19 00:00:00,2.28623261085502,2.48565632901684,2.27939948389467,2.47511620444271
2025-03-20 00:00:00,2.47511620444271,2.49677649211898,2.3446266136223,2.3565670723268
2025-03-21 00:00:00,2.3565670723268,2.36803048067112,2.23389401159796,2.2531792383055302
2025-03-22 00:00:00,2.2531792383055302,2.30220272666911,2.2340095581048898,2.26479296865647
2025-03-23 00:00:00,2.26479296865647,2.29928245664706,2.23837052853867,2.29315277539291
2025-03-24 00:00:00,2.29315277539291,2.44948576245633,2.26234098026831,2.39690401624836
2025-03-25 00:00:00,2.39690401624836,2.48386123959104,2.33551691817951,2.45849821409399
2025-03-26 00:00:00,2.45849821409399,2.64928190252125,2.44210610421641,2.62074329777013
2025-03-27 00:00:00,2.62074329777013,2.82980808026714,2.60894863670428,2.78141075917441
2025-03-28 00:00:00,2.78141075917441,2.7982134283205298,2.471671131462,2.5061677690980497
2025-03-29 00:00:00,2.5061677690980497,2.54534368437865,2.25234843634088,2.31296452419164
2025-03-30 00:00:00,2.31296452419164,2.45512508687241,2.28367816010687,2.3518382726019498
2025-03-31 00:00:00,2.3518382726019498,2.35866377320972,2.18991594888355,2.2684250385496902
2025-04-01 00:00:00,2.2684250385496902,2.51944191420374,2.25454739451022,2.40841895970089
2025-04-02 00:00:00,2.40841895970089,2.53912156633986,2.25616093117514,2.3084913972028502
2025-04-03 00:00:00,2.3084913972028502,2.4397334006928,2.18605261855392,2.26338813840721
2025-04-04 00:00:00,2.26338813840721,2.30192670454271,2.13365076707353,2.25897944962324
2025-04-05 00:00:00,2.25897944962324,2.27641621121686,2.1847047511685,2.21765188866397
2025-04-06 00:00:00,2.21765188866397,2.2248769175323,1.88443698587077,1.9204469526402896
2025-04-07 00:00:00,1.9204469526402896,2.08730036540814,1.72516691116415,2.01906313900357
2025-04-08 00:00:00,2.01906313900357,2.10268484519752,1.924080684764,1.92931369824004
2025-04-09 00:00:00,1.92931369824004,2.28569314496955,1.86512976804646,2.2221456157647
2025-04-10 00:00:00,2.2221456157647,2.23013690231902,2.05326596515253,2.11311471371652
2025-04-11 00:00:00,2.11311471371652,2.2489732177224,2.09845300730966,2.18902162759163
2025-04-12 00:00:00,2.18902162759163,2.39858698697362,2.15887769267254,2.34763467402392
2025-04-13 00:00:00,2.34763467402392,2.4136424367076,2.20384351287733,2.23266166907609
2025-04-14 00:00:00,2.23266166907609,2.3512340622782,2.17690160209179,2.19454997184507
2025-04-15 00:00:00,2.19454997184507,2.24521438373006,2.08567367710386,2.09045514244728
2025-04-16 00:00:00,2.09045514244728,2.13681594590388,2.02747563137269,2.05848374484029
2025-04-17 00:00:00,2.05848374484029,2.17102518143466,2.0466869439291,2.12381851207244
2025-04-18 00:00:00,2.12381851207244,2.15397347114795,2.09757832818269,2.11991561760383
2025-04-19 00:00:00,2.11991561760383,2.17640698107379,2.1118809968995,2.15454243171768
2025-04-20 00:00:00,2.15454243171768,2.17155228891269,2.08379305035047,2.11314256995644
2025-04-21 00:00:00,2.11314256995644,2.28455857485161,2.10971885497072,2.19695677494397
2025-04-22 00:00:00,2.19695677494397,2.74408905284418,2.17080302567828,2.66782624501556
2025-04-23 00:00:00,2.66782624501556,3.07638516021143,2.66782624501556,2.9678763603666303
2025-04-24 00:00:00,2.9678763603666303,3.39137486269769,2.89835725237861,3.34552232594037
2025-04-25 00:00:00,3.34552232594037,3.80234309481241,3.27905538773449,3.52181710973804
2025-04-26 00:00:00,3.52181710973804,3.64844413249141,3.36006473357773,3.51914146676353
2025-04-27 00:00:00,3.51914146676353,3.65219353715499,3.43120028118739,3.55855802374466
2025-04-28 00:00:00,3.55855802374466,3.86861870306314,3.40630593446483,3.52779893542776
2025-04-29 00:00:00,3.52779893542776,3.63565238321724,3.45652467844827,3.53575691191507
2025-04-30 00:00:00,3.53575691191507,3.6049887630276,3.28995444163758,3.5097364825374298
2025-05-01 00:00:00,3.5097364825374298,3.76694726479153,3.4595405336497898,3.55273955932063
2025-05-02 00:00:00,3.55273955932063,3.57011651456265,3.40025282201379,3.43161588083694
2025-05-03 00:00:00,3.43161588083694,3.46550143277047,3.27649258387056,3.33674329799716
2025-05-04 00:00:00,3.33674329799716,3.3604473689118,3.15750725225723,3.28534081926879
2025-05-05 00:00:00,3.28534081926879,3.5003062837605,3.22874106666206,3.43190518857518
2025-05-06 00:00:00,3.43190518857518,3.43538979919028,3.12668036424446,3.35130568171089
2025-05-07 00:00:00,3.35130568171089,3.44836642900392,3.24121852679407,3.33466925328673
2025-05-08 00:00:00,3.33466925328673,4.093458079562,3.32184723610816,4.03353707507999
2025-05-09 00:00:00,4.03353707507999,4.07157470752775,3.81630999008058,3.9511868659987
2025-05-10 00:00:00,3.9511868659987,4.14803636230992,3.8446531914251,4.12103047635744
2025-05-11 00:00:00,4.12103047635744,4.26700058613228,3.89469150537927,4.01771290220281
2025-05-12 00:00:00,4.01771290220281,4.28762231860669,3.81463472773845,3.96282039219995
2025-05-13 00:00:00,3.96282039219995,4.1081137071269,3.81990809682513,4.06258591251383
2025-05-14 00:00:00,4.06258591251383,4.08014618408092,3.86093505094016,3.91646055270092
2025-05-15 00:00:00,3.91646055270092,3.95870976031089,3.6517555777682,3.84913219497277
2025-05-16 00:00:00,3.84913219497277,3.9504535400881498,3.74688120354679,3.78396759016055
2025-05-17 00:00:00,3.78396759016055,3.86155490394705,3.67913127857099,3.80298513497894
2025-05-18 00:00:00,3.80298513497894,4.00363111177262,3.69730679423715,3.94634321128209
2025-05-19 00:00:00,3.94634321128209,3.97106042143847,3.59478238739294,3.83972444078322
2025-05-20 00:00:00,3.83972444078322,3.94253300940065,3.7851265787821,3.85635151923201
2025-05-21 00:00:00,3.85635151923201,4.06822391502019,3.80260965633789,3.93193509504819
2025-05-22 00:00:00,3.93193509504819,4.19959025975944,3.73624790201253,3.88997427010307
2025-05-23 00:00:00,3.88997427010307,3.95508301719264,3.54776751958076,3.58655118099998
2025-05-24 00:00:00,3.58655118099998,3.69694608540979,3.5749225534399702,3.62336045138101
2025-05-25 00:00:00,3.62336045138101,3.66279425066408,3.44323096401557,3.60015308621985
2025-05-26 00:00:00,3.60015308621985,3.66280918837244,3.45784008475246,3.49310772680926
2025-05-27 00:00:00,3.49310772680926,3.73277862842095,3.41101338700086,3.6748723535662497
2025-05-28 00:00:00,3.6748723535662497,3.74674811571397,3.5209976710597,3.60879128023609
2025-05-29 00:00:00,3.60879128023609,3.72834745616495,3.51578074480951,3.52799956765137
2025-05-30 00:00:00,3.52799956765137,3.55247592670169,3.18076152865462,3.19191798471575
2025-05-31 00:00:00,3.19191798471575,3.31636669366763,3.06008428384837,3.24664351619556
2025-06-01 00:00:00,3.24664351619556,3.3637416881131,3.18831860013786,3.34395808512928
2025-06-02 00:00:00,3.34395808512928,3.37336813061776,3.22970909248119,3.33388849040685
2025-06-03 00:00:00,3.33388849040685,3.393992306362,3.22423842556445,3.25389470733517
2025-06-04 00:00:00,3.25389470733517,3.29455220120375,3.1605664143451,3.16573731113944
2025-06-05 00:00:00,3.16573731113944,3.23158608322592,2.89048269340873,2.92757304025094
2025-06-06 00:00:00,2.92757304025094,3.22529162071924,2.92230831327715,3.19850114977675
2025-06-07 00:00:00,3.19850114977675,3.31370593473089,3.17569302599532,3.24388709957705
2025-06-08 00:00:00,3.24388709957705,3.28327971164759,3.18260529367469,3.22633957479916
2025-06-09 00:00:00,3.22633957479916,3.45789213216335,3.18649408188293,3.44935591529153
2025-06-10 00:00:00,3.44935591529153,3.55653734122082,3.36689731541702,3.49205916532837
2025-06-11 00:00:00,3.49205916532837,3.52640420889606,3.34182505037597,3.39617794198924
2025-06-12 00:00:00,3.39617794198924,3.39985052684107,3.18882296456265,3.21901153819003
2025-06-13 00:00:00,3.21901153819003,3.21901153819003,2.93722916730074,3.07881652226096
2025-06-14 00:00:00,3.07881652226096,3.07991269046572,2.81009283599791,2.94748982587622
2025-06-15 00:00:00,2.94748982587622,3.04250182242386,2.94503986468998,3.02405219986717
2025-06-16 00:00:00,3.02405219986717,3.16065380521702,2.97592296657181,2.99390536263096
2025-06-17 00:00:00,2.99390536263096,3.05778193971051,2.80581608840005,2.83427541001378
2025-06-18 00:00:00,2.83427541001378,2.91877199191867,2.70975860352758,2.83091473653251
2025-06-19 00:00:00,2.83091473653251,2.86969825920269,2.7885038647174403,2.83067403244468
2025-06-20 00:00:00,2.83067403244468,2.8860249548483,2.65495206516393,2.71835915471218
2025-06-21 00:00:00,2.71835915471218,2.75560298340538,2.47299065619788,2.57019912406562
2025-06-22 00:00:00,2.57019912406562,2.61603669907602,2.2993212305239,2.45363379145472
2025-06-23 00:00:00,2.45363379145472,2.85323803952398,2.3997573307066498,2.83209630423259
2025-06-24 00:00:00,2.83209630423259,2.91490732440451,2.7433869881096,2.80115379009249
2025-06-25 00:00:00,2.80115379009249,2.84595722069873,2.71238627723745,2.73457232416406
2025-06-26 00:00:00,2.73457232416406,2.80521917843198,2.58369263660817,2.60364946002006
2025-06-27 00:00:00,2.60364946002006,2.79546763051847,2.58653841569159,2.72245466696658
2025-06-28 00:00:00,2.72245466696658,2.8441220776299803,2.6825624703007,2.80291599840686
2025-06-29 00:00:00,2.80291599840686,2.92450566282615,2.769720244877,2.90039942606727
2025-06-30 00:00:00,2.90039942606727,2.91003585233167,2.7393195872565,2.77846317542624
2025-07-01 00:00:00,2.77846317542624,2.8144008385987203,2.6650195438051902,2.67477316960519
2025-07-02 00:00:00,2.67477316960519,2.96128760371382,2.65396958524962,2.89931470976046
2025-07-03 00:00:00,2.89931470976046,3.08944542131225,2.87377800574086,3.02286716497869
2025-07-04 00:00:00,3.02286716497869,3.08065173600908,2.81995131628636,2.87693902522122
2025-07-05 00:00:00,2.87693902522122,2.93578416216848,2.86141986109986,2.89912932813753
2025-07-06 00:00:00,2.89912932813753,2.96754142419131,2.86794456179887,2.90969231251306
2025-07-07 00:00:00,2.90969231251306,2.94962250904019,2.83004226037076,2.85760521131704
2025-07-08 00:00:00,2.85760521131704,2.93104855026165,2.82767382776687,2.89450071779036
2025-07-09 00:00:00,2.89450071779036,3.0974221218257,2.8790804114072,3.07189857199148
2025-07-10 00:00:00,3.07189857199148,3.4943390634823,3.05997228305024,3.48515121758611
2025-07-11 00:00:00,3.48515121758611,3.56572657092669,3.30181161728106,3.38229090941719
2025-07-12 00:00:00,3.38229090941719,3.46139228207794,3.30850770062322,3.39939624659557
2025-07-13 00:00:00,3.39939624659557,3.53570184729712,3.37900360296433,3.48751255028122
2025-07-14 00:00:00,3.48751255028122,3.99284657428135,3.48594689854692,3.88616575121696
2025-07-15 00:00:00,3.88616575121696,4.10284915665237,3.81025082078231,4.09784869072777
2025-07-16 00:00:00,4.09784869072777,4.09784869072777,3.92378729504138,3.9407099839519
2025-07-17 00:00:00,3.9407099839519,4.07316776363789,3.86693882513095,4.00470594161008
2025-07-18 00:00:00,4.00470594161008,4.24214288110615,3.66333273921586,3.77971079610998
2025-07-19 00:00:00,3.77971079610998,3.85598110694216,3.69201195735696,3.83609291513093
2025-07-20 00:00:00,3.83609291513093,4.03358782912407,3.81404658396585,3.88883676654131
2025-07-21 00:00:00,3.88883676654131,4.08768491729085,3.83621308403891,3.95966624909844
2025-07-22 00:00:00,3.95966624909844,4.02920017264422,3.80542602398565,4.00719809385521
2025-07-23 00:00:00,4.00719809385521,4.02317493945385,3.58849227934458,3.71743278108276
2025-07-24 00:00:00,3.71743278108276,3.87065450621612,3.5186776366334,3.71833122096151
2025-07-25 00:00:00,3.71833122096151,3.99959906778682,3.59202223427161,3.9468556008354
2025-07-26 00:00:00,3.9468556008354,4.3343573069624,3.93404685716898,4.15693515380088
2025-07-27 00:00:00,4.15693515380088,4.42377783141245,4.12052279779724,4.32259364212881
2025-07-28 00:00:00,4.32259364212881,4.43768246304021,3.88242982070456,3.90537224391714
2025-07-29 00:00:00,3.90537224391714,4.00243736403357,3.75387065849367,3.81191387754777
2025-07-30 00:00:00,3.81191387754777,3.84144615398961,3.6400094504612,3.75678389371106
2025-07-31 00:00:00,3.75678389371106,3.95849237756459,3.59393201090411,3.61415568788269
2025-08-01 00:00:00,3.61415568788269,3.63266463342184,3.36231552817087,3.4583250466083
2025-08-02 00:00:00,3.4583250466083,3.53404345460253,3.27035428891672,3.33647830496899
2025-08-03 00:00:00,3.33647830496899,3.4836564838249098,3.28559677390924,3.44945231523693
2025-08-04 00:00:00,3.44945231523693,3.63481216880933,3.41176225697705,3.59030681699044
2025-08-05 00:00:00,3.59030681699044,3.60255256513194,3.34668993274586,3.41246887803679
2025-08-06 00:00:00,3.41246887803679,3.52960558455088,3.33167115080458,3.49986329085659
2025-08-07 00:00:00,3.49986329085659,3.79039368263073,3.44491324866295,3.78859449276198
2025-08-08 00:00:00,3.78859449276198,3.8836476535178,3.717460061764,3.8373812884828498
2025-08-09 00:00:00,3.8373812884828498,3.97745488678639,3.8266690583498,3.89679806849478
2025-08-10 00:00:00,3.89679806849478,3.99680619010927,3.78323475904152,3.87393430907018
2025-08-11 00:00:00,3.87393430907018,3.97529795971086,3.62180642850088,3.65332096682806
2025-08-12 00:00:00,3.65332096682806,3.93016605468241,3.6052723753828,3.88014421429272
2025-08-13 00:00:00,3.88014421429272,4.06851493530141,3.81379859559477,4.00293068470841
2025-08-14 00:00:00,4.00293068470841,4.17728614382923,3.65552382055711,3.75799665212607
2025-08-15 00:00:00,3.75799665212607,3.88234871161308,3.62300915703932,3.71472545430015
2025-08-16 00:00:00,3.71472545430015,3.78170882637747,3.67050650008541,3.77481052438375
2025-08-17 00:00:00,3.77481052438375,3.89551888664969,3.7423483907819097,3.76587858702159
2025-08-18 00:00:00,3.76587858702159,3.77743847364011,3.52453210536944,3.60403262636712
2025-08-19 00:00:00,3.60403262636712,3.66296684728585,3.41638895064266,3.42290314925386
2025-08-20 00:00:00,3.42290314925386,3.587348942194,3.38588940780574,3.5576756798739098
2025-08-21 00:00:00,3.5576756798739098,3.58082533314288,3.38646006439102,3.41258300089312
2025-08-22 00:00:00,3.41258300089312,3.77590155661716,3.30694835049997,3.75822302617863
2025-08-23 00:00:00,3.75822302617863,3.80115522492636,3.6061095076071,3.73544585350155
2025-08-24 00:00:00,3.73544585350155,3.84847213156997,3.60494125237829,3.6810634690246697
2025-08-25 00:00:00,3.6810634690246697,3.73646417045181,3.31603559078419,3.34416749203501
2025-08-26 00:00:00,3.34416749203501,3.49170875515254,3.33007680257367,3.45434193367751
2025-08-27 00:00:00,3.45434193367751,3.5196807336152,3.4130522748611902,3.43722945043472
2025-08-28 00:00:00,3.43722945043472,3.52864201286269,3.4165500811016,3.49245950094886
2025-08-29 00:00:00,3.49245950094886,3.4992708155622,3.21377090731212,3.28429486001518
2025-08-30 00:00:00,3.28429486001518,3.34466733221994,3.22755258542576,3.3077201569136
2025-08-31 00:00:00,3.3077201569136,3.351324161218,3.2485998827697,3.25134313868619
2025-09-01 00:00:00,3.25134313868619,3.33856144933581,3.11680695972591,3.20422133812959
2025-09-02 00:00:00,3.20422133812959,3.3210490106565898,3.19258311242979,3.31665390370414
2025-09-03 00:00:00,3.31665390370414,3.4060285731389,3.26810957230753,3.38755488777329
2025-09-04 00:00:00,3.38755488777329,3.40037569590739,3.23557071527474,3.28693494095529
2025-09-05 00:00:00,3.28693494095529,3.45523257906972,3.27579719560163,3.37574482117693
2025-09-06 00:00:00,3.37574482117693,3.40803963271107,3.31673098094197,3.33680020942648
2025-09-07 00:00:00,3.33680020942648,3.42075997653502,3.33616194543202,3.39796671966556
2025-09-08 00:00:00,3.39796671966556,3.51296899017542,3.36531083606804,3.50000528510206
2025-09-09 00:00:00,3.50000528510206,3.61583602587731,3.42878494345595,3.46963898674948
2025-09-10 00:00:00,3.46963898674948,3.62552603313206,3.45819496248575,3.62085791520125
2025-09-11 00:00:00,3.62085791520125,3.67395730678323,3.5749869579194,3.66723702026229
2025-09-12 00:00:00,3.66723702026229,3.72681433044565,3.5858339265223,3.7215938457569
2025-09-13 00:00:00,3.7215938457569,3.88085281257218,3.7077200420336,3.81558199495412
2025-09-14 00:00:00,3.81558199495412,3.8245233489946298,3.64543910606988,3.68749981638098
2025-09-15 00:00:00,3.68749981638098,3.72277828383898,3.46546388271694,3.52352318558693
2025-09-16 00:00:00,3.52352318558693,3.65338795775287,3.47161499660163,3.60189248013634
2025-09-17 00:00:00,3.60189248013634,3.80103775284236,3.53267899249499,3.77299655205515
2025-09-18 00:00:00,3.77299655205515,3.97566700009758,3.75511426201303,3.8902271185682498
2025-09-19 00:00:00,3.8902271185682498,3.9155206816486894,3.61488352177114,3.6393589132912
2025-09-20 00:00:00,3.6393589132912,3.71068756831375,3.62209273711715,3.65886355111514
2025-09-21 00:00:00,3.65886355111514,3.68528129482682,3.59442173239855,3.61101306964192
2025-09-22 00:00:00,3.61101306964192,3.6308983731042,3.30360894517529,3.36920989592189
2025-09-23 00:00:00,3.36920989592189,3.42241183490088,3.28409216306563,3.32397302645792
2025-09-24 00:00:00,3.32397302645792,3.44133830093717,3.25112443255867,3.36528341256453
2025-09-25 00:00:00,3.36528341256453,3.3716929020839,3.08118211250055,3.11468981255439
2025-09-26 00:00:00,3.11468981255439,3.2584069881547,3.07751312846338,3.22512571557915
2025-09-27 00:00:00,3.22512571557915,3.232326030636,3.15679473621484,3.17920150425082
2025-09-28 00:00:00,3.17920150425082,3.28820698850378,3.09865067463747,3.28111376049455
2025-09-29 00:00:00,3.28111376049455,3.33104392069199,3.210206598127,3.28368653109748
2025-09-30 00:00:00,3.28368653109748,3.31268347956827,3.15544974512337,3.26112648469966
2025-10-01 00:00:00,3.26112648469966,3.53376549146862,3.21851948650307,3.52369229656547
2025-10-02 00:00:00,3.52369229656547,3.64509817342189,3.4868671880124698,3.58916459821621
2025-10-03 00:00:00,3.58916459821621,3.66854025684358,3.52668828139349,3.58061919693823
2025-10-04 00:00:00,3.58061919693823,3.62992697311393,3.49597231944181,3.62437514187233
2025-10-05 00:00:00,3.62437514187233,3.69039682962578,3.52678270031092,3.56753042775693
2025-10-06 00:00:00,3.56753042775693,3.69618344066869,3.54284448904694,3.62517759102059
2025-10-07 00:00:00,3.62517759102059,3.66862461541507,3.44745974459892,3.4533910641435
2025-10-08 00:00:00,3.4533910641435,3.56613970217149,3.43156852515024,3.53672077866141
2025-10-09 00:00:00,3.53672077866141,3.54156226474321,3.33576341384761,3.41108153476641
2025-10-10 00:00:00,3.41108153476641,3.48095961978942,1.36024304870812,2.61230313538379
2025-10-11 00:00:00,2.61230313538379,2.81789303649918,2.48776472660438,2.54427763743245
2025-10-12 00:00:00,2.54427763743245,2.88089608862615,2.44254629318303,2.81113166107579
2025-10-13 00:00:00,2.81113166107579,3.02018254117875,2.74976427854272,2.99723575127304
2025-10-14 00:00:00,2.99723575127304,3.00470617717109,2.6597501178397502,2.8230383872743
2025-10-15 00:00:00,2.8230383872743,2.89148617545763,2.65298036728149,2.68140866443749
2025-10-16 00:00:00,2.68140866443749,2.74080784165805,2.5003004271216698,2.51662957795458
2025-10-17 00:00:00,2.51662957795458,2.54376081929805,2.28705866042712,2.43811439057357
2025-10-18 00:00:00,2.43811439057357,2.52586372681117,2.41932527425501,2.50236482898011
2025-10-19 00:00:00,2.50236482898011,2.65766542716344,2.44412389983723,2.58428599793536
2025-10-20 00:00:00,2.58428599793536,2.68113139589446,2.524645362683,2.57596607828357
2025-10-21 00:00:00,2.57596607828357,2.68768183927384,2.4708391412824,2.4913118717864
2025-10-22 00:00:00,2.4913118717864,2.50539258977433,2.34995607494662,2.38195420772813
2025-10-23 00:00:00,2.38195420772813,2.5065154853300697,2.37267724837723,2.4328945114719
2025-10-24 00:00:00,2.4328945114719,2.53187432736147,2.40380565445156,2.52740875486659
2025-10-25 00:00:00,2.52740875486659,2.56483457544276,2.4707632956856,2.53376483964134
2025-10-26 00:00:00,2.53376483964134,2.68565273449211,2.49806725985574,2.67926607236463
2025-10-27 00:00:00,2.67926607236463,2.72125189947793,2.58070076188081,2.61358682810523
2025-10-28 00:00:00,2.61358682810523,2.65847196981971,2.474208502296,2.5092116718265203
2025-10-29 00:00:00,2.5092116718265203,2.59448588014572,2.46160002809418,2.51629479734949
2025-10-30 00:00:00,2.51629479734949,2.54424281355261,2.21044642997086,2.29116568344092
2025-10-31 00:00:00,2.29116568344092,2.40140932148005,2.28913778217145,2.3661922580598898
2025-11-01 00:00:00,2.3661922580598898,2.40700618596905,2.33440299241071,2.38324097228818
2025-11-02 00:00:00,2.38324097228818,2.39839237503052,2.28536825299043,2.35685974140552
2025-11-03 00:00:00,2.35685974140552,2.36429984190786,2.0363444440322,2.07298030116003
2025-11-04 00:00:00,2.07298030116003,2.10972961338544,1.84859379056113,1.97835032474236
2025-11-05 00:00:00,1.97835032474236,2.0716755732919,1.88281731304829,2.03506530067027
2025-11-06 00:00:00,2.03506530067027,2.057853904764,1.90608428233005,1.96864369856445
2025-11-07 00:00:00,1.96864369856445,2.19301207284283,1.93422809272145,2.1458991150234
2025-11-08 00:00:00,2.1458991150234,2.2003858969858,2.06363058888829,2.12201646847977
2025-11-09 00:00:00,2.12201646847977,2.16959134833551,2.05136621656378,2.14548901271558
2025-11-10 00:00:00,2.14548901271558,2.23134169920001,2.1156471450484,2.16370059904921
2025-11-11 00:00:00,2.16370059904921,2.20607890452046,2.00857337832982,2.0123524944351
2025-11-12 00:00:00,2.0123524944351,2.09677448223371,1.95220471664975,1.96931820199373
2025-11-13 00:00:00,1.96931820199373,2.05088246611664,1.82387503499105,1.87356672164433
2025-11-14 00:00:00,1.87356672164433,1.8792980704732096,1.7136940754342,1.74438199655165
2025-11-15 00:00:00,1.74438199655165,1.80873319347944,1.74256418180972,1.77237659990859
2025-11-16 00:00:00,1.77237659990859,1.78329015282488,1.64534979729535,1.68241061535957
2025-11-17 00:00:00,1.68241061535957,1.73527877923788,1.5826661219176,1.61875493314263
2025-11-18 00:00:00,1.61875493314263,1.7019514372669,1.58180788798269,1.67164492923918
2025-11-19 00:00:00,1.67164492923918,1.68096233933811,1.50998868968654,1.60672633090425
2025-11-20 00:00:00,1.60672633090425,1.65756076462173,1.48148885201874,1.49677820533918
2025-11-21 00:00:00,1.49677820533918,1.51946951286606,1.31780470201444,1.39359439056695
2025-11-22 00:00:00,1.39359439056695,1.40109731884877,1.31247585607423,1.34613446821874
2025-11-23 00:00:00,1.34613446821874,1.40968348094158,1.34324720795223,1.37245286969504
2025-11-24 00:00:00,1.37245286969504,1.5664456469671,1.34529220634508,1.5294813108957102
2025-11-25 00:00:00,1.5294813108957102,1.611610721959,1.46247749122496,1.56499325665844
2025-11-26 00:00:00,1.56499325665844,1.56561043674277,1.47246177243673,1.54515002235497
2025-11-27 00:00:00,1.54515002235497,1.58583031976072,1.52022403696223,1.54543559825361
2025-11-28 00:00:00,1.54543559825361,1.60053301765413,1.50804369900931,1.52378918771143
2025-11-29 00:00:00,1.52378918771143,1.53229368100759,1.49107549418792,1.49936670631197
2025-11-30 00:00:00,1.49936670631197,1.57124447199581,1.4962535421839,1.49881666453149
2025-12-01 00:00:00,1.49881666453149,1.50254051431201,1.31070969368486,1.34775907251675
2025-12-02 00:00:00,1.34775907251675,1.65130145797662,1.33532578340021,1.62958432720758
2025-12-03 00:00:00,1.62958432720758,1.79027723931527,1.61866663116085,1.69281047790367
2025-12-04 00:00:00,1.69281047790367,1.72122391588275,1.61504281770601,1.6601519809941
2025-12-05 00:00:00,1.6601519809941,1.67720661094655,1.53606095290054,1.55860945491757
2025-12-06 00:00:00,1.55860945491757,1.5668796646856,1.51373489695574,1.56485717489034
2025-12-07 00:00:00,1.56485717489034,1.66044897980272,1.51608887320703,1.58598346708317
2025-12-08 00:00:00,1.58598346708317,1.65792420731344,1.57498474352425,1.6119249741281498
2025-12-09 00:00:00,1.6119249741281498,1.72735599704162,1.57554066514785,1.65990329464464
2025-12-10 00:00:00,1.65990329464464,1.7157891483805598,1.60249072119375,1.61650279829653
2025-12-11 00:00:00,1.61650279829653,1.63517594387027,1.52339177434692,1.61282484525591
2025-12-12 00:00:00,1.61282484525591,1.66489642141222,1.53982398247641,1.56101666868794
2025-12-13 00:00:00,1.56101666868794,1.6198333790801,1.5580074770592,1.60674135879617
2025-12-14 00:00:00,1.60674135879617,1.64352216960204,1.53557587249892,1.55458622591615
2025-12-15 00:00:00,1.55458622591615,1.60437973041938,1.43430915758876,1.47253350847271
2025-12-16 00:00:00,1.47253350847271,1.53456317851088,1.44139212517019,1.51240135401699
2025-12-17 00:00:00,1.51240135401699,1.54371409501079,1.40367390514089,1.42477069199538
2025-12-18 00:00:00,1.42477069199538,1.47347252153684,1.32834911652199,1.34719223312471
2025-12-19 00:00:00,1.34719223312471,1.49744224687319,1.32917148744651,1.48263318410432
2025-12-20 00:00:00,1.48263318410432,1.48507871556153,1.45265796050822,1.45517965027358
2025-12-21 00:00:00,1.45517965027358,1.47617954431682,1.41590353001385,1.44555081386512
2025-12-22 00:00:00,1.44555081386512,1.49058716584584,1.43268698495338,1.46174079117846
2025-12-23 00:00:00,1.46174079117846,1.46967463022082,1.40878621043559,1.43589732830151
2025-12-24 00:00:00,1.43589732830151,1.43980522072391,1.39143481576959,1.41588551267337
2025-12-25 00:00:00,1.41588551267337,1.42457854457484,1.35557346965613,1.3637942670124
2025-12-26 00:00:00,1.3637942670124,1.41893477985715,1.3579898371131,1.39836041206789
2025-12-27 00:00:00,1.39836041206789,1.45490402468897,1.39555598744557,1.45121987592087
2025-12-28 00:00:00,1.45121987592087,1.47011147752089,1.42965080381014,1.44587328897032
2025-12-29 00:00:00,1.44587328897032,1.51173625694878,1.43141286594888,1.43943619839729
2025-12-30 00:00:00,1.43943619839729,1.45120283864837,1.41826605584676,1.43357008032681
2025-12-31 00:00:00,1.43357008032681,1.45632010838581,1.38662257679078,1.40280219522123
2026-01-01 00:00:00,1.40280219522123,1.47466864686799,1.39346766479174,1.47031038165233
2026-01-02 00:00:00,1.47031038165233,1.63844098646651,1.46022447296151,1.60734199372006
2026-01-03 00:00:00,1.60734199372006,1.69006540841188,1.60731822360364,1.66610682196393
2026-01-04 00:00:00,1.66610682196393,1.74963090450689,1.66386463961708,1.69193621007151
2026-01-05 00:00:00,1.69193621007151,1.94584522950344,1.66062306260411,1.89957564936335
2026-01-06 00:00:00,1.89957564936335,2.01384801458753,1.81332471472083,1.9032181769011
2026-01-07 00:00:00,1.9032181769011,1.96918339596114,1.80395099250863,1.82007794256305
2026-01-08 00:00:00,1.82007794256305,1.85420272979776,1.7418159566157,1.81589792681491
2026-01-09 00:00:00,1.81589792681491,1.84831062778679,1.76938856757583,1.81017005180232
2026-01-10 00:00:00,1.81017005180232,1.84623597150199,1.7787003772879602,1.79247636060444
2026-01-11 00:00:00,1.79247636060444,1.83164455607754,1.76755568181602,1.79463268165063
2026-01-12 00:00:00,1.79463268165063,1.84858377556301,1.7477017259227,1.76104798394281
2026-01-13 00:00:00,1.76104798394281,1.91535150541696,1.75208095840803,1.87939403827545
2026-01-14 00:00:00,1.87939403827545,1.93541774776772,1.8112922759405,1.85197851160533
2026-01-15 00:00:00,1.85197851160533,1.85484418887662,1.75825537348785,1.78047982353747
2026-01-16 00:00:00,1.78047982353747,1.79673053758111,1.71014218816338,1.78821851333028
2026-01-17 00:00:00,1.78821851333028,1.8156873559834696,1.77568949430243,1.78673745373667
2026-01-18 00:00:00,1.78673745373667,1.79651182723925,1.69487641430762,1.69572847605157
2026-01-19 00:00:00,1.69572847605157,1.69572847605157,1.54341138251722,1.56782216165391
2026-01-20 00:00:00,1.56782216165391,1.57286139831178,1.4564812572207,1.46852778336146
2026-01-21 00:00:00,1.46852778336146,1.54655336334483,1.44182980721574,1.5101233762328898
2026-01-22 00:00:00,1.5101233762328898,1.53618735438303,1.48103421023383,1.49387364753041
2026-01-23 00:00:00,1.49387364753041,1.53403075464101,1.46235058882087,1.4879967618999
2026-01-24 00:00:00,1.4879967618999,1.49701687660876,1.47512751688622,1.48429900501733
2026-01-25 00:00:00,1.48429900501733,1.49323990598029,1.37208333402667,1.40059455760105
2026-01-26 00:00:00,1.40057799985088,1.46654246586893,1.39752150702497,1.44350640192774
2026-01-27 00:00:00,1.44351706897894,1.4625824799805,1.41910112639681,1.43939194199768
2026-01-28 00:00:00,1.43939389538094,1.44577842550917,1.39307631007088,1.40616544515663
2026-01-29 00:00:00,1.40618072457495,1.40917546022261,1.27611726710971,1.32074114735377
2026-01-30 00:00:00,1.32072552767977,1.33592529361021,1.23454128800315,1.27281056201143
2026-01-31 00:00:00,1.27281022165367,1.27703441423947,1.0563145911279,1.15252185585558
2026-02-01 00:00:00,1.15251413632518,1.16460814821532,1.07526016332579,1.10154079420421
2026-02-02 00:00:00,1.10152428108734,1.16411761503693,1.06256342419406,1.14952830143413
2026-02-03 00:00:00,1.1495260713165,1.16101057800657,1.07384033642839,1.11168242968834
2026-02-04 00:00:00,1.11168150935871,1.13949433342265,1.05244356777467,1.08282823906185
2026-02-05 00:00:00,1.08283486250907,1.09051273672041,0.8780555795433,0.88179130157216
2026-02-06 00:00:00,0.8818322759424561,1.02961938553546,0.79722606570128,1.01510132625312
2026-02-07 00:00:00,1.0151748445545,1.02138237676646,0.96288453718387,1.00505695736244
2026-02-08 00:00:00,1.00496399361545,1.00857483058748,0.9657297025587772,0.972379430964576
2026-02-09 00:00:00,0.972379600601124,0.988092980858172,0.9259776044903912,0.962676156450583
2026-02-10 00:00:00,0.9626776522064592,0.973708394487456,0.9149430904513652,0.930102849263406
2026-02-11 00:00:00,0.930073674868494,0.937135606461536,0.8758319368792691,0.8943238595259531
2026-02-12 00:00:00,0.8943133344409531,0.95863077320211,0.893890088227253,0.922357536009238
2026-02-13 00:00:00,0.922353905403604,0.98420190747315,0.9022622690181772,0.962051952756958
2026-02-14 00:00:00,0.962035700844704,1.04476188047919,0.956697935294228,1.03013936083078
2026-02-15 00:00:00,1.03015125340758,1.05043020201507,0.958489618113532,0.975457652022216
2026-02-16 00:00:00,0.975516708241817,1.00496759092271,0.950122771491916,0.993203198844742
2026-02-17 00:00:00,0.9932099427827392,0.9993331671457272,0.95423210080363,0.968607326256672
2026-02-18 00:00:00,0.968612161205713,0.986658996818304,0.925398821696484,0.931512725449264
2026-02-19 00:00:00,0.931502583483325,0.9407328068621312,0.897740017583853,0.929471839402018
2026-02-20 00:00:00,0.929467985694416,0.977822012314576,0.917330581695922,0.95493182459653
2026-02-21 00:00:00,0.954908765331952,0.968871663166302,0.9461876901343,0.9507581919790832
2026-02-22 00:00:00,0.950759675729362,0.950759675729362,0.9156649495966772,0.9261124516893152
2026-02-23 00:00:00,0.92611745766091,0.9271583864613172,0.8638320679154761,0.8806985779253511
2026-02-24 00:00:00,0.8806985779253511,0.889778119588248,0.844611408471132,0.8606986382754711
2026-02-25 00:00:00,0.8606986382754711,1.0245469182004,0.8581407626396961,0.969491127765018
2026-02-26 00:00:00,0.969491127765018,0.9778927403895472,0.908810645714794,0.9379850325293532
2026-02-27 00:00:00,0.9379850325293532,0.960702789102294,0.883469161312548,0.9005192926077961
2026-02-28 00:00:00,0.9005192926077961,0.9184066703166972,0.8281572770616571,0.905113190747529
2026-03-01 00:00:00,0.905113190747529,0.94943447255078,0.86732849422733,0.8879444069811181
2026-03-02 00:00:00,0.8879444069811181,0.9661622196569072,0.881079257727279,0.92329516621785
2026-03-03 00:00:00,0.92329516621785,0.92809858417108,0.885575814348574,0.9087165510910392
2026-03-04 00:00:00,0.9087165510910392,0.9924415548997972,0.892356565462717,0.9570677421370992
2026-03-05 00:00:00,0.957062676492406,0.985725937884564,0.92489453439659,0.953354348192318
2026-03-06 00:00:00,0.9533712868313692,0.975127630474708,0.8921361562533731,0.901541756471914
2026-03-07 00:00:00,0.9015330209118532,0.9142835610865452,0.8946561271760751,0.898
